5.574467161e-04, 1.114893432e-03, 1.672330272e-03, 2.229727603e-03, 2.787026166e-03, 3.344127218e-03, 3.900882705e-03, 4.457085517e-03, 5.012459877e-03, 5.566651916e-03, 6.119220582e-03, 6.669628971e-03, 7.217236260e-03, 7.761290429e-03, 8.300921995e-03, 8.835138996e-03, 9.362823520e-03, 9.882730063e-03, 1.039348601e-02, 1.089359458e-02, 1.138144048e-02, 1.185529859e-02, 1.231334581e-02, 1.275367627e-02, 1.317431994e-02, 1.357326458e-02, 1.394848073e-02, 1.429794961e-02, 1.461969320e-02, 1.491180604e-02, 1.517248787e-02, 1.540007624e-02, 1.559307816e-02, 1.575019968e-02, 1.587037246e-02, 1.595277634e-02, 1.599685707e-02, 1.600233857e-02, 1.596922913e-02, 1.589782143e-02, 1.578868630e-02, 1.564266047e-02, 1.546082879e-02, 1.524450173e-02, 1.499518871e-02, 1.471456854e-02, 1.440445776e-02, 1.406677797e-02, 1.370352321e-02, 1.331672807e-02, 1.290843759e-02, 1.248067931e-02, 1.203543821e-02, 1.157463469e-02, 1.110010586e-02, 1.061359028e-02, 1.011671592e-02, 9.610991438e-03, 9.097800290e-03, 8.578397678e-03, 8.053909849e-03, 7.525335527e-03, 6.993549142e-03, 6.459305572e-03, 5.923246103e-03, 5.385905369e-03, 4.847719044e-03, 4.309032092e-03, 3.770107412e-03, 3.231134752e-03, 2.692239788e-03, 2.153493287e-03, 1.614920298e-03, 1.076509345e-03, 5.382215964e-04,
1.114893432e-03, 2.229796742e-03, 3.344700052e-03, 4.459553973e-03, 5.574249846e-03, 6.688600002e-03, 7.802318083e-03, 8.914999490e-03, 1.002610207e-02, 1.113492720e-02, 1.224060144e-02, 1.334205904e-02, 1.443802564e-02, 1.552700346e-02, 1.660725855e-02, 1.767681047e-02, 1.873342502e-02, 1.977461072e-02, 2.079761940e-02, 2.179945183e-02, 2.277686876e-02, 2.372640808e-02, 2.464440838e-02, 2.552703931e-02, 2.637033892e-02, 2.717025764e-02, 2.792270873e-02, 2.862362451e-02, 2.926901715e-02, 2.985504310e-02, 3.037806919e-02, 3.083473892e-02, 3.122203672e-02, 3.153734811e-02, 3.177851383e-02, 3.194387583e-02, 3.203231337e-02, 3.204326807e-02, 3.197675651e-02, 3.183337030e-02, 3.161426332e-02, 3.132112677e-02, 3.095615298e-02, 3.052198942e-02, 3.002168458e-02, 2.945862770e-02, 2.883648452e-02, 2.815913093e-02, 2.743058679e-02, 2.665495149e-02, 2.583634296e-02, 2.497884143e-02, 2.408643885e-02, 2.316299468e-02, 2.221219848e-02, 2.123753932e-02, 2.024228198e-02, 1.922944954e-02, 1.820181204e-02, 1.716188057e-02, 1.611190619e-02, 1.505388312e-02, 1.398955547e-02, 1.292042704e-02, 1.184777347e-02, 1.077265633e-02, 9.695938717e-03, 8.618301913e-03, 7.540262803e-03, 6.462191807e-03, 5.384331115e-03, 4.306813063e-03, 3.229678560e-03, 2.152895487e-03, 1.076377040e-03,
1.672330272e-03, 3.344700052e-03, 5.017119221e-03, 6.689538392e-03, 8.361819242e-03, 1.003370486e-02, 1.170479013e-02, 1.337449229e-02, 1.504202172e-02, 1.670635339e-02, 1.836619894e-02, 2.001998012e-02, 2.166580379e-02, 2.330143923e-02, 2.492429829e-02, 2.653141929e-02, 2.811945539e-02, 2.968466840e-02, 3.122292904e-02, 3.272972456e-02, 3.420017466e-02, 3.562905660e-02, 3.701084030e-02, 3.833973369e-02, 3.960973880e-02, 4.081471831e-02, 4.194847206e-02, 4.300482254e-02, 4.397770781e-02, 4.486128000e-02, 4.565000686e-02, 4.633877355e-02, 4.692298169e-02, 4.739864220e-02, 4.776245894e-02, 4.801189975e-02, 4.814525253e-02, 4.816166383e-02, 4.806115854e-02, 4.784463994e-02, 4.751386991e-02, 4.707143030e-02, 4.652066693e-02, 4.586561840e-02, 4.511093248e-02, 4.426177318e-02, 4.332372167e-02, 4.230267443e-02, 4.120474153e-02, 4.003614813e-02, 3.880314134e-02, 3.751190462e-02, 3.616848108e-02, 3.477870670e-02, 3.334815405e-02, 3.188208655e-02, 3.038542313e-02, 2.886271270e-02, 2.731811777e-02, 2.575540638e-02, 2.417795123e-02, 2.258873528e-02, 2.099036258e-02, 1.938507366e-02, 1.777476441e-02, 1.616100776e-02, 1.454507758e-02, 1.292797404e-02, 1.131045008e-02, 9.693038560e-03, 8.076079800e-03, 6.459749288e-03, 4.844085391e-03, 3.229017005e-03, 1.614391077e-03,
2.229727603e-03, 4.459553973e-03, 6.689538392e-03, 8.919661131e-03, 1.114978387e-02, 1.337961007e-02, 1.560864530e-02, 1.783615780e-02, 2.006113915e-02, 2.228226569e-02, 2.449786081e-02, 2.670585870e-02, 2.890377018e-02, 3.108865137e-02, 3.325707609e-02, 3.540511303e-02, 3.752830884e-02, 3.962167844e-02, 4.167970381e-02, 4.369634273e-02, 4.566504869e-02, 4.757880337e-02, 4.943016254e-02, 5.121131635e-02, 5.291416427e-02, 5.453040474e-02, 5.605163867e-02, 5.746948577e-02, 5.877571154e-02, 5.996236225e-02, 6.102190469e-02, 6.194736673e-02, 6.273247427e-02, 6.337178008e-02, 6.386077996e-02, 6.419601171e-02, 6.437513318e-02, 6.439697617e-02, 6.426157389e-02, 6.397016101e-02, 6.352514607e-02, 6.293005760e-02, 6.218946605e-02, 6.130888477e-02, 6.029465376e-02, 5.915381085e-02, 5.789395458e-02, 5.652310359e-02, 5.504955678e-02, 5.348175816e-02, 5.182816965e-02, 5.009715463e-02, 4.829687414e-02, 4.643519699e-02, 4.451962447e-02, 4.255722971e-02, 4.055461130e-02, 3.851786035e-02, 3.645253997e-02, 3.436367594e-02, 3.225575708e-02, 3.013274418e-02, 2.799808591e-02, 2.585474063e-02, 2.370520274e-02, 2.155153272e-02, 1.939538981e-02, 1.723806659e-02, 1.508052492e-02, 1.292343255e-02, 1.076720024e-02, 8.612018898e-03, 6.457896711e-03, 4.304696067e-03, 2.152170261e-03,
2.787026166e-03, 5.574249846e-03, 8.361819242e-03, 1.114978387e-02, 1.393804505e-02, 1.672630623e-02, 1.951402322e-02, 2.230035446e-02, 2.508411137e-02, 2.786370940e-02, 3.063711991e-02, 3.340182370e-02, 3.615476687e-02, 3.889231999e-02, 4.161024167e-02, 4.430364789e-02, 4.696698850e-02, 4.959403271e-02, 5.217786504e-02, 5.471089384e-02, 5.718487402e-02, 5.959094565e-02, 6.191969015e-02, 6.416120489e-02, 6.630519721e-02, 6.834109770e-02, 7.025819209e-02, 7.204577035e-02, 7.369329034e-02, 7.519055275e-02, 7.652788292e-02, 7.769631443e-02, 7.868776858e-02, 7.949522390e-02, 8.011286911e-02, 8.053623393e-02, 8.076229232e-02, 8.078953377e-02, 8.061799985e-02, 8.024928414e-02, 7.968649575e-02, 7.893418796e-02, 7.799825492e-02, 7.688580085e-02, 7.560498694e-02, 7.416486188e-02, 7.257518219e-02, 7.084622855e-02, 6.898862385e-02, 6.701315808e-02, 6.493062446e-02, 6.275167010e-02, 6.048666386e-02, 5.814558265e-02, 5.573791713e-02, 5.327259653e-02, 5.075793201e-02, 4.820157741e-02, 4.561050583e-02, 4.299100032e-02, 4.034865697e-02, 3.768839844e-02, 3.501449626e-02, 3.233060019e-02, 2.963977319e-02, 2.694453058e-02, 2.424688234e-02, 2.154837760e-02, 1.885015045e-02, 1.615296649e-02, 1.345726971e-02, 1.076322935e-02, 8.070786491e-03, 5.379700290e-03, 2.689593900e-03,
3.344127218e-03, 6.688600002e-03, 1.003370486e-02, 1.337961007e-02, 1.672630623e-02, 2.007354657e-02, 2.342078691e-02, 2.676712543e-02, 3.011124248e-02, 3.345134065e-02, 3.678508574e-02, 4.010954931e-02, 4.342115360e-02, 4.671562004e-02, 4.998792272e-02, 5.323224834e-02, 5.644196458e-02, 5.960959885e-02, 6.272682978e-02, 6.578449359e-02, 6.877260788e-02, 7.168041508e-02, 7.449644751e-02, 7.720861584e-02, 7.980432199e-02, 8.227059675e-02, 8.459426165e-02, 8.676211319e-02, 8.876112671e-02, 9.057867548e-02, 9.220275984e-02, 9.362223946e-02, 9.482706173e-02, 9.580847782e-02, 9.655923864e-02, 9.707376261e-02, 9.734826838e-02, 9.738086675e-02, 9.717160760e-02, 9.672247994e-02, 9.603736485e-02, 9.512194359e-02, 9.398356482e-02, 9.263107677e-02, 9.107463129e-02, 8.932546755e-02, 8.739568376e-02, 8.529800458e-02, 8.304555199e-02, 8.065162587e-02, 7.812949999e-02, 7.549223746e-02, 7.275252854e-02, 6.992255263e-02, 6.701386488e-02, 6.403730725e-02, 6.100294279e-02, 5.792001147e-02, 5.479690562e-02, 5.164116255e-02, 4.845947204e-02, 4.525769635e-02, 4.204090049e-02, 3.881339070e-02, 3.557875927e-02, 3.233993405e-02, 2.909923136e-02, 2.585841103e-02, 2.261873280e-02, 1.938101324e-02, 1.614568276e-02, 1.291284232e-02, 9.682319608e-03, 6.453724702e-03, 3.226505050e-03,
3.900882705e-03, 7.802318083e-03, 1.170479013e-02, 1.560864530e-02, 1.951402322e-02, 2.342078691e-02, 2.732845240e-02, 3.123611789e-02, 3.514239248e-02, 3.904532496e-02, 4.294233308e-02, 4.683013420e-02, 5.070467817e-02, 5.456108386e-02, 5.839358084e-02, 6.219545819e-02, 6.595902261e-02, 6.967556835e-02, 7.333536166e-02, 7.692764285e-02, 8.044064884e-02, 8.386165927e-02, 8.717706896e-02, 9.037248898e-02, 9.343287815e-02, 9.634270568e-02, 9.908614457e-02, 1.016472941e-01, 1.040104278e-01, 1.061602626e-01, 1.080822415e-01, 1.097628219e-01, 1.111897610e-01, 1.123523870e-01, 1.132418450e-01, 1.138513095e-01, 1.141761519e-01, 1.142140572e-01, 1.139650839e-01, 1.134316632e-01, 1.126185401e-01, 1.115326567e-01, 1.101829840e-01, 1.085803101e-01, 1.067369939e-01, 1.046666933e-01, 1.023840807e-01, 9.990455404e-02, 9.724395366e-02, 9.441829340e-02, 9.144351217e-02, 8.833525120e-02, 8.510866023e-02, 8.177823444e-02, 7.835768250e-02, 7.485982482e-02, 7.129652042e-02, 6.767862005e-02, 6.401594263e-02, 6.031727222e-02, 5.659037229e-02, 5.284201442e-02, 4.907801864e-02, 4.530330285e-02, 4.152193913e-02, 3.773721500e-02, 3.395169801e-02, 3.016730235e-02, 2.638535647e-02, 2.260667091e-02, 1.883160578e-02, 1.506013754e-02, 1.129192492e-02, 7.526373861e-03, 3.762701596e-03,
4.457085517e-03, 8.914999490e-03, 1.337449229e-02, 1.783615780e-02, 2.230035446e-02, 2.676712543e-02, 3.123611789e-02, 3.570650125e-02, 4.017688460e-02, 4.464523362e-02, 4.910878742e-02, 5.356397624e-02, 5.800634104e-02, 6.243045639e-02, 6.682985857e-02, 7.119698095e-02, 7.552309933e-02, 7.979829026e-02, 8.401140565e-02, 8.815006731e-02, 9.220068536e-02, 9.614850422e-02, 9.997768008e-02, 1.036713930e-01, 1.072119960e-01, 1.105812032e-01, 1.137603169e-01, 1.167304907e-01, 1.194730278e-01, 1.219697058e-01, 1.242031215e-01, 1.261570454e-01, 1.278167736e-01, 1.291694642e-01, 1.302044450e-01, 1.309134784e-01, 1.312909723e-01, 1.313341265e-01, 1.310430074e-01, 1.304205488e-01, 1.294724758e-01, 1.282071592e-01, 1.266354043e-01, 1.247701859e-01, 1.226263408e-01, 1.202202310e-01, 1.175693917e-01, 1.146921772e-01, 1.116074152e-01, 1.083340819e-01, 1.048910041e-01, 1.012965950e-01, 9.756862672e-02, 9.372404241e-02, 8.977880587e-02, 8.574778909e-02, 8.164469404e-02, 7.748200568e-02, 7.327097263e-02, 6.902161141e-02, 6.474273048e-02, 6.044197041e-02, 5.612585681e-02, 5.179986293e-02, 4.746847941e-02, 4.313528882e-02, 3.880304334e-02, 3.447374389e-02, 3.014871982e-02, 2.582870816e-02, 2.151393191e-02, 1.720417715e-02, 1.289886868e-02, 8.597144223e-03, 4.297927470e-03,
5.012459877e-03, 1.002610207e-02, 1.504202172e-02, 2.006113915e-02, 2.508411137e-02, 3.011124248e-02, 3.514239248e-02, 4.017688460e-02, 4.521341106e-02, 5.024993751e-02, 5.528360675e-02, 6.031064231e-02, 6.532625334e-02, 7.032454209e-02, 7.529841612e-02, 8.023950771e-02, 8.513810350e-02, 8.998308772e-02, 9.476190337e-02, 9.946053540e-02, 1.040635211e-01, 1.085539922e-01, 1.129137542e-01, 1.171234068e-01, 1.211625095e-01, 1.250097945e-01, 1.286434290e-01, 1.320413240e-01, 1.351814870e-01, 1.380424113e-01, 1.406034934e-01, 1.428454648e-01, 1.447508237e-01, 1.463042511e-01, 1.474929923e-01, 1.483071868e-01, 1.487401326e-01, 1.487884689e-01, 1.484522707e-01, 1.477350486e-01, 1.466436550e-01, 1.451880999e-01, 1.433812881e-01, 1.412386885e-01, 1.387779524e-01, 1.360184980e-01, 1.329810781e-01, 1.296873479e-01, 1.261594480e-01, 1.224196149e-01, 1.184898274e-01, 1.143914978e-01, 1.101452093e-01, 1.057705026e-01, 1.012857095e-01, 9.670783165e-02, 9.205246095e-02, 8.733373599e-02, 8.256433080e-02, 7.775547031e-02, 7.291696780e-02, 6.805727993e-02, 6.318357525e-02, 5.830181266e-02, 5.341682674e-02, 4.853241753e-02, 4.365144262e-02, 3.877591005e-02, 3.390707078e-02, 2.904550999e-02, 2.419123654e-02, 1.934377048e-02, 1.450222841e-02, 9.665406884e-03, 4.831864063e-03,
5.566651916e-03, 1.113492720e-02, 1.670635339e-02, 2.228226569e-02, 2.786370940e-02, 3.345134065e-02, 3.904532496e-02, 4.464523362e-02, 5.024993751e-02, 5.585749863e-02, 6.146505974e-02, 6.706873291e-02, 7.266348793e-02, 7.824304251e-02, 8.379975609e-02, 8.932453029e-02, 9.480671921e-02, 1.002340538e-01, 1.055925847e-01, 1.108666498e-01, 1.160388713e-01, 1.210901892e-01, 1.259999377e-01, 1.307459707e-01, 1.353048406e-01, 1.396520362e-01, 1.437622806e-01, 1.476098894e-01, 1.511691847e-01, 1.544149589e-01, 1.573229762e-01, 1.598704966e-01, 1.620368053e-01, 1.638037244e-01, 1.651560861e-01, 1.660821440e-01, 1.665739024e-01, 1.666273458e-01, 1.662425577e-01, 1.654237202e-01, 1.641789956e-01, 1.625202973e-01, 1.604629597e-01, 1.580253275e-01, 1.552282824e-01, 1.520947307e-01, 1.486490747e-01, 1.449166881e-01, 1.409234142e-01, 1.366951023e-01, 1.322571928e-01, 1.276343594e-01, 1.228502101e-01, 1.179270492e-01, 1.128856977e-01, 1.077453671e-01, 1.025235821e-01, 9.723614652e-02, 9.189714427e-02, 8.651897123e-02, 8.111239048e-02, 7.568660625e-02, 7.024935160e-02, 6.480698570e-02, 5.936459736e-02, 5.392611194e-02, 4.849439957e-02, 4.307138290e-02, 3.765814325e-02, 3.225502447e-02, 2.686173378e-02, 2.147743982e-02, 1.610086761e-02, 1.073039084e-02, 5.364121897e-03,
6.119220582e-03, 1.224060144e-02, 1.836619894e-02, 2.449786081e-02, 3.063711991e-02, 3.678508574e-02, 4.294233308e-02, 4.910878742e-02, 5.528360675e-02, 6.146505974e-02, 6.765040069e-02, 7.383574165e-02, 8.001592297e-02, 8.618438392e-02, 9.233303543e-02, 9.845213814e-02, 1.045301893e-01, 1.105538234e-01, 1.165077319e-01, 1.223746080e-01, 1.281351252e-01, 1.337679555e-01, 1.392498368e-01, 1.445556977e-01, 1.496588460e-01, 1.545312290e-01, 1.591437679e-01, 1.634667683e-01, 1.674704035e-01, 1.711252636e-01, 1.744029557e-01, 1.772767401e-01, 1.797221764e-01, 1.817177550e-01, 1.832454838e-01, 1.842914008e-01, 1.848459870e-01, 1.849044543e-01, 1.844668943e-01, 1.835382787e-01, 1.821283101e-01, 1.802511339e-01, 1.779249259e-01, 1.751713795e-01, 1.720151189e-01, 1.684830676e-01, 1.646038020e-01, 1.604069157e-01, 1.559224184e-01, 1.511801871e-01, 1.462094822e-01, 1.410385371e-01, 1.356942224e-01, 1.302017865e-01, 1.245846652e-01, 1.188643568e-01, 1.130603540e-01, 1.071901237e-01, 1.012691285e-01, 9.531087986e-02, 8.932701663e-02, 8.332740299e-02, 7.732023920e-02, 7.131218120e-02, 6.530846505e-02, 5.931303330e-02, 5.332866082e-02, 4.735707871e-02, 4.139909488e-02, 3.545471085e-02, 2.952323429e-02, 2.360338742e-02, 1.769341135e-02, 1.179116696e-02, 5.894232687e-03,
6.669628971e-03, 1.334205904e-02, 2.001998012e-02, 2.670585870e-02, 3.340182370e-02, 4.010954931e-02, 4.683013420e-02, 5.356397624e-02, 6.031064231e-02, 6.706873291e-02, 7.383574165e-02, 8.060791001e-02, 8.738007839e-02, 9.414553477e-02, 1.008958636e-01, 1.076207975e-01, 1.143080765e-01, 1.209433188e-01, 1.275099113e-01, 1.339889250e-01, 1.403590660e-01, 1.465966707e-01, 1.526757564e-01, 1.585681372e-01, 1.642436167e-01, 1.696702660e-01, 1.748147937e-01, 1.796430122e-01, 1.841203976e-01, 1.882127361e-01, 1.918868429e-01, 1.951113316e-01, 1.978574052e-01, 2.000996356e-01, 2.018166931e-01, 2.029919885e-01, 2.036141905e-01, 2.036775899e-01, 2.031822866e-01, 2.021341902e-01, 2.005448322e-01, 1.984310022e-01, 1.958142305e-01, 1.927201458e-01, 1.891777461e-01, 1.852186188e-01, 1.808761499e-01, 1.761847542e-01, 1.711791566e-01, 1.658937455e-01, 1.603620120e-01, 1.546160841e-01, 1.486863560e-01, 1.426012092e-01, 1.363868197e-01, 1.300670411e-01, 1.236633532e-01, 1.171948658e-01, 1.106783663e-01, 1.041284030e-01, 9.755739319e-02, 9.097574989e-02, 8.439202102e-02, 7.781303483e-02, 7.124404836e-02, 6.468889538e-02, 5.815013172e-02, 5.162917624e-02, 4.512644671e-02, 3.864148975e-02, 3.217310512e-02, 2.571946420e-02, 1.927822342e-02, 1.284663298e-02, 6.421641887e-03,
7.217236260e-03, 1.443802564e-02, 2.166580379e-02, 2.890377018e-02, 3.615476687e-02, 4.342115360e-02, 5.070467817e-02, 5.800634104e-02, 6.532625334e-02, 7.266348793e-02, 8.001592297e-02, 8.738007839e-02, 9.475094579e-02, 1.021218132e-01, 1.094840866e-01, 1.168271119e-01, 1.241380002e-01, 1.314014640e-01, 1.385996696e-01, 1.457121147e-01, 1.527155430e-01, 1.595839050e-01, 1.662883809e-01, 1.727974780e-01, 1.790772177e-01, 1.850914245e-01, 1.908021287e-01, 1.961700894e-01, 2.011554386e-01, 2.057184403e-01, 2.098203484e-01, 2.134243383e-01, 2.164964773e-01, 2.190066889e-01, 2.209296646e-01, 2.222456695e-01, 2.229411968e-01, 2.230094281e-01, 2.224504719e-01, 2.212713633e-01, 2.194858262e-01, 2.171138124e-01, 2.141808481e-01, 2.107172272e-01, 2.067571008e-01, 2.023375117e-01, 1.974974246e-01, 1.922767945e-01, 1.867157084e-01, 1.808536262e-01, 1.747287361e-01, 1.683774315e-01, 1.618339083e-01, 1.551298744e-01, 1.482943632e-01, 1.413536346e-01, 1.343311521e-01, 1.272476198e-01, 1.201210679e-01, 1.129669728e-01, 1.057984032e-01, 9.862618237e-02, 9.145906015e-02, 8.430388875e-02, 7.716579817e-02, 7.004836816e-02, 6.295379441e-02, 5.588304784e-02, 4.883602596e-02, 4.181169633e-02, 3.480823223e-02, 2.782314086e-02, 2.085338515e-02, 1.389549965e-02, 6.945701877e-03,
7.761290429e-03, 1.552700346e-02, 2.330143923e-02, 3.108865137e-02, 3.889231999e-02, 4.671562004e-02, 5.456108386e-02, 6.243045639e-02, 7.032454209e-02, 7.824304251e-02, 8.618438392e-02, 9.414553477e-02, 1.021218132e-01, 1.101066856e-01, 1.180915579e-01, 1.260655632e-01, 1.340153484e-01, 1.419248675e-01, 1.497751882e-01, 1.575443214e-01, 1.652070864e-01, 1.727350254e-01, 1.800963841e-01, 1.872561762e-01, 1.941763516e-01, 2.008160856e-01, 2.071322072e-01, 2.130797780e-01, 2.186128271e-01, 2.236852381e-01, 2.282517719e-01, 2.322691960e-01, 2.356974766e-01, 2.385009783e-01, 2.406496068e-01, 2.421198282e-01, 2.428954990e-01, 2.429684540e-01, 2.423388097e-01, 2.410149650e-01, 2.390132968e-01, 2.363575731e-01, 2.330781221e-01, 2.292108142e-01, 2.247959182e-01, 2.198769024e-01, 2.144992423e-01, 2.087092909e-01, 2.025532565e-01, 1.960763148e-01, 1.893218745e-01, 1.823309976e-01, 1.751419711e-01, 1.677900171e-01, 1.603071242e-01, 1.527219822e-01, 1.450600006e-01, 1.373433935e-01, 1.295913127e-01, 1.218200171e-01, 1.140430644e-01, 1.062715162e-01, 9.851414845e-02, 9.077766184e-02, 8.306688743e-02, 7.538498466e-02, 6.773362994e-02, 6.011319475e-02, 5.252291294e-02, 4.496103740e-02, 3.742498659e-02, 2.991148187e-02, 2.241667667e-02, 1.493627859e-02, 7.465665974e-03,
8.300921995e-03, 1.660725855e-02, 2.492429829e-02, 3.325707609e-02, 4.161024167e-02, 4.998792272e-02, 5.839358084e-02, 6.682985857e-02, 7.529841612e-02, 8.379975609e-02, 9.233303543e-02, 1.008958636e-01, 1.094840866e-01, 1.180915579e-01, 1.267098963e-01, 1.353282346e-01, 1.439329627e-01, 1.525074694e-01, 1.610318943e-01, 1.694828962e-01, 1.778334557e-01, 1.860527261e-01, 1.941059538e-01, 2.019544912e-01, 2.095559270e-01, 2.168643591e-01, 2.238308365e-01, 2.304039883e-01, 2.365308537e-01, 2.421579131e-01, 2.472323051e-01, 2.517031972e-01, 2.555232549e-01, 2.586501408e-01, 2.610479562e-01, 2.626885373e-01, 2.635525171e-01, 2.636300790e-01, 2.629213478e-01, 2.614363902e-01, 2.591948231e-01, 2.562250609e-01, 2.525632532e-01, 2.482519892e-01, 2.433388554e-01, 2.378749377e-01, 2.319133512e-01, 2.255078704e-01, 2.187117116e-01, 2.115765021e-01, 2.041514496e-01, 1.964827132e-01, 1.886129615e-01, 1.805810987e-01, 1.724221343e-01, 1.641671692e-01, 1.558434748e-01, 1.474746408e-01, 1.390807722e-01, 1.306787185e-01, 1.222823212e-01, 1.139026696e-01, 1.055483556e-01, 9.722572272e-02, 8.893910504e-02, 8.069105312e-02, 7.248254594e-02, 6.431318827e-02, 5.618139366e-02, 4.808455374e-02, 4.001919486e-02, 3.198112337e-02, 2.396556105e-02, 1.596727208e-02, 7.980683426e-03,
8.835138996e-03, 1.767681047e-02, 2.653141929e-02, 3.540511303e-02, 4.430364789e-02, 5.323224834e-02, 6.219545819e-02, 7.119698095e-02, 8.023950771e-02, 8.932453029e-02, 9.845213814e-02, 1.076207975e-01, 1.168271119e-01, 1.260655632e-01, 1.353282346e-01, 1.446045164e-01, 1.538807982e-01, 1.631401533e-01, 1.723620234e-01, 1.815219134e-01, 1.905911141e-01, 1.995364694e-01, 2.083202137e-01, 2.168999080e-01, 2.252285059e-01, 2.332545872e-01, 2.409227913e-01, 2.481744850e-01, 2.549486864e-01, 2.611832554e-01, 2.668163384e-01, 2.717880326e-01, 2.760422051e-01, 2.795283737e-01, 2.822035398e-01, 2.840338478e-01, 2.849959532e-01, 2.850779971e-01, 2.842801125e-01, 2.826144247e-01, 2.801045444e-01, 2.767845943e-01, 2.726978406e-01, 2.678950339e-01, 2.624325765e-01, 2.563706417e-01, 2.497713544e-01, 2.426971278e-01, 2.352092176e-01, 2.273665323e-01, 2.192247087e-01, 2.108354442e-01, 2.022460629e-01, 1.934992820e-01, 1.846331451e-01, 1.756810855e-01, 1.666720885e-01, 1.576309227e-01, 1.485784168e-01, 1.395317634e-01, 1.305048324e-01, 1.215084855e-01, 1.125508816e-01, 1.036377684e-01, 9.477275690e-02, 8.595757684e-02, 7.719231242e-02, 6.847561872e-02, 5.980491969e-02, 5.117658904e-02, 4.258611573e-02, 3.402825571e-02, 2.549717207e-02, 1.698656527e-02, 8.489795646e-03,
9.362823520e-03, 1.873342502e-02, 2.811945539e-02, 3.752830884e-02, 4.696698850e-02, 5.644196458e-02, 6.595902261e-02, 7.552309933e-02, 8.513810350e-02, 9.480671921e-02, 1.045301893e-01, 1.143080765e-01, 1.241380002e-01, 1.340153484e-01, 1.439329627e-01, 1.538807982e-01, 1.638455602e-01, 1.738103223e-01, 1.837541325e-01, 1.936516200e-01, 2.034726180e-01, 2.131818237e-01, 2.227385238e-01, 2.320964210e-01, 2.412036016e-01, 2.500026926e-01, 2.584312565e-01, 2.664224739e-01, 2.739061516e-01, 2.808100838e-01, 2.870617603e-01, 2.925903899e-01, 2.973291591e-01, 3.012176092e-01, 3.042039817e-01, 3.062473608e-01, 3.073194507e-01, 3.074058436e-01, 3.065066806e-01, 3.046366517e-01, 3.018243356e-01, 2.981109312e-01, 2.935484812e-01, 2.881977292e-01, 2.821257752e-01, 2.754036980e-01, 2.681042969e-01, 2.603000687e-01, 2.520614987e-01, 2.434557009e-01, 2.345454085e-01, 2.253882920e-01, 2.160365638e-01, 2.065368214e-01, 1.969300785e-01, 1.872519393e-01, 1.775328712e-01, 1.677985446e-01, 1.580702091e-01, 1.483650858e-01, 1.386967594e-01, 1.290755584e-01, 1.195089169e-01, 1.100017124e-01, 1.005565773e-01, 9.117418492e-02, 8.185350818e-02, 7.259205450e-02, 6.338607733e-02, 5.423076702e-02, 4.512042330e-02, 3.604861167e-02, 2.700830624e-02, 1.799202129e-02, 8.991933885e-03,
9.882730063e-03, 1.977461072e-02, 2.968466840e-02, 3.962167844e-02, 4.959403271e-02, 5.960959885e-02, 6.967556835e-02, 7.979829026e-02, 8.998308772e-02, 1.002340538e-01, 1.105538234e-01, 1.209433188e-01, 1.314014640e-01, 1.419248675e-01, 1.525074694e-01, 1.631401533e-01, 1.738103223e-01, 1.845014432e-01, 1.951925642e-01, 2.058578160e-01, 2.164659143e-01, 2.269796835e-01, 2.373556368e-01, 2.475436505e-01, 2.574867869e-01, 2.671213250e-01, 2.763770684e-01, 2.851780023e-01, 2.934433625e-01, 3.010891677e-01, 3.080302290e-01, 3.141826077e-01, 3.194664320e-01, 3.238089224e-01, 3.271474168e-01, 3.294321632e-01, 3.306286452e-01, 3.307192460e-01, 3.297041145e-01, 3.276011658e-01, 3.244452151e-01, 3.202863137e-01, 3.151874237e-01, 3.092216266e-01, 3.024690970e-01, 2.950140784e-01, 2.869420665e-01, 2.783373513e-01, 2.692810077e-01, 2.598493642e-01, 2.501129324e-01, 2.401357514e-01, 2.299750791e-01, 2.196813611e-01, 2.092984084e-01, 1.988637218e-01, 1.884089123e-01, 1.779601754e-01, 1.675387892e-01, 1.571616115e-01, 1.468415610e-01, 1.365880717e-01, 1.264075153e-01, 1.163035868e-01, 1.062776551e-01, 9.632907734e-02, 8.645548088e-02, 7.665301378e-02, 6.691656811e-02, 5.723997841e-02, 4.761619877e-02, 3.803746143e-02, 2.849541995e-02, 1.898127974e-02, 9.485918609e-03,
1.039348601e-02, 2.079761940e-02, 3.122292904e-02, 4.167970381e-02, 5.217786504e-02, 6.272682978e-02, 7.333536166e-02, 8.401140565e-02, 9.476190337e-02, 1.055925847e-01, 1.165077319e-01, 1.275099113e-01, 1.385996696e-01, 1.497751882e-01, 1.610318943e-01, 1.723620234e-01, 1.837541325e-01, 1.951925642e-01, 2.066568649e-01, 2.181211657e-01, 2.295535396e-01, 2.409153594e-01, 2.521606893e-01, 2.632357573e-01, 2.740785706e-01, 2.846187519e-01, 2.947776900e-01, 3.044691043e-01, 3.136001283e-01, 3.220729956e-01, 3.297873805e-01, 3.366433796e-01, 3.425450391e-01, 3.474042315e-01, 3.511445998e-01, 3.537052299e-01, 3.550437210e-01, 3.551383806e-01, 3.539893655e-01, 3.516186820e-01, 3.480690454e-01, 3.434016846e-01, 3.376932733e-01, 3.310322565e-01, 3.235149078e-01, 3.152414522e-01, 3.063125393e-01, 2.968262622e-01, 2.868758167e-01, 2.765478156e-01, 2.659212056e-01, 2.550667023e-01, 2.440466400e-01, 2.329151354e-01, 2.217184721e-01, 2.104956274e-01, 1.992788807e-01, 1.880944554e-01, 1.769631608e-01, 1.659010100e-01, 1.549198012e-01, 1.440276523e-01, 1.332294858e-01, 1.225274646e-01, 1.119213788e-01, 1.014089885e-01, 9.098632421e-02, 8.064795163e-02, 7.038720292e-02, 6.019637974e-02, 5.006693194e-02, 3.998961532e-02, 2.995463240e-02, 1.995175913e-02, 9.970460807e-03,
1.089359458e-02, 2.179945183e-02, 3.272972456e-02, 4.369634273e-02, 5.471089384e-02, 6.578449359e-02, 7.692764285e-02, 8.815006731e-02, 9.946053540e-02, 1.108666498e-01, 1.223746080e-01, 1.339889250e-01, 1.457121147e-01, 1.575443214e-01, 1.694828962e-01, 1.815219134e-01, 1.936516200e-01, 2.058578160e-01, 2.181211657e-01, 2.304164423e-01, 2.427117189e-01, 2.549675251e-01, 2.671360038e-01, 2.791601190e-01, 2.909729861e-01, 3.024974222e-01, 3.136458352e-01, 3.243205967e-01, 3.344150508e-01, 3.438153060e-01, 3.524029177e-01, 3.600584913e-01, 3.666661132e-01, 3.721183649e-01, 3.763215209e-01, 3.792004357e-01, 3.807026284e-01, 3.808011900e-01, 3.794962850e-01, 3.768151514e-01, 3.728105997e-01, 3.675581062e-01, 3.611517283e-01, 3.536992183e-01, 3.453168256e-01, 3.361242831e-01, 3.262403765e-01, 3.157793415e-01, 3.048481814e-01, 2.935448760e-01, 2.819573722e-01, 2.701632120e-01, 2.582296430e-01, 2.462140686e-01, 2.341647173e-01, 2.221214349e-01, 2.101165276e-01, 1.981756049e-01, 1.863183885e-01, 1.745594664e-01, 1.629089816e-01, 1.513732503e-01, 1.399553110e-01, 1.286554068e-01, 1.174714072e-01, 1.063991736e-01, 9.543287582e-02, 8.456526563e-02, 7.378791218e-02, 6.309140572e-02, 5.246553392e-02, 4.189943552e-02, 3.138173519e-02, 2.090066356e-02, 1.044416550e-02,
1.138144048e-02, 2.277686876e-02, 3.420017466e-02, 4.566504869e-02, 5.718487402e-02, 6.877260788e-02, 8.044064884e-02, 9.220068536e-02, 1.040635211e-01, 1.160388713e-01, 1.281351252e-01, 1.403590660e-01, 1.527155430e-01, 1.652070864e-01, 1.778334557e-01, 1.905911141e-01, 2.034726180e-01, 2.164659143e-01, 2.295535396e-01, 2.427117189e-01, 2.559093686e-01, 2.691070183e-01, 2.822556819e-01, 2.952957286e-01, 3.081558327e-01, 3.207521155e-01, 3.329876319e-01, 3.447523966e-01, 3.559241723e-01, 3.663702598e-01, 3.759504930e-01, 3.845215546e-01, 3.919425575e-01, 3.980815938e-01, 4.028226834e-01, 4.060723634e-01, 4.077651668e-01, 4.078674660e-01, 4.063794329e-01, 4.033350390e-01, 3.988000959e-01, 3.928684123e-01, 3.856563154e-01, 3.772960628e-01, 3.679288931e-01, 3.576984782e-01, 3.467453422e-01, 3.352025457e-01, 3.231926914e-01, 3.108261347e-01, 2.982001950e-01, 2.853991305e-01, 2.724946515e-01, 2.595467787e-01, 2.466048936e-01, 2.337088674e-01, 2.208901900e-01, 2.081730481e-01, 1.955753218e-01, 1.831094856e-01, 1.707834085e-01, 1.586010565e-01, 1.465631010e-01, 1.346674445e-01, 1.229096696e-01, 1.112834228e-01, 9.978073987e-02, 8.839232288e-02, 7.710777444e-02, 6.591579702e-02, 5.480436252e-02, 4.376085764e-02, 3.277220930e-02, 2.182499442e-02, 1.090553761e-02,
1.185529859e-02, 2.372640808e-02, 3.562905660e-02, 4.757880337e-02, 5.959094565e-02, 7.168041508e-02, 8.386165927e-02, 9.614850422e-02, 1.085539922e-01, 1.210901892e-01, 1.337679555e-01, 1.465966707e-01, 1.595839050e-01, 1.727350254e-01, 1.860527261e-01, 1.995364694e-01, 2.131818237e-01, 2.269796835e-01, 2.409153594e-01, 2.549675251e-01, 2.691070183e-01, 2.832954975e-01, 2.974839768e-01, 3.116112808e-01, 3.256025007e-01, 3.393675750e-01, 3.528001805e-01, 3.657771853e-01, 3.781589819e-01, 3.897910680e-01, 4.005072398e-01, 4.101346765e-01, 4.185009685e-01, 4.254427695e-01, 4.308152554e-01, 4.345011679e-01, 4.364182093e-01, 4.365240743e-01, 4.348189418e-01, 4.313454757e-01, 4.261863327e-01, 4.194591315e-01, 4.113090584e-01, 4.018998243e-01, 3.914042058e-01, 3.799953945e-01, 3.678399682e-01, 3.550928078e-01, 3.418939038e-01, 3.283667765e-01, 3.146181427e-01, 3.007384636e-01, 2.868030539e-01, 2.728735012e-01, 2.589992110e-01, 2.452189509e-01, 2.315623169e-01, 2.180510757e-01, 2.047003651e-01, 1.915197455e-01, 1.785141105e-01, 1.656844661e-01, 1.530285921e-01, 1.405416005e-01, 1.282164040e-01, 1.160441081e-01, 1.040143380e-01, 9.211551157e-02, 8.033506570e-02, 6.865964539e-02, 5.707526151e-02, 4.556742322e-02, 3.412124993e-02, 2.272156722e-02, 1.135299054e-02,
1.231334581e-02, 2.464440838e-02, 3.701084030e-02, 4.943016254e-02, 6.191969015e-02, 7.449644751e-02, 8.717706896e-02, 9.997768008e-02, 1.129137542e-01, 1.259999377e-01, 1.392498368e-01, 1.526757564e-01, 1.662883809e-01, 1.800963841e-01, 1.941059538e-01, 2.083202137e-01, 2.227385238e-01, 2.373556368e-01, 2.521606893e-01, 2.671360038e-01, 2.822556819e-01, 2.974839768e-01, 3.127734470e-01, 3.280629172e-01, 3.432753143e-01, 3.583155033e-01, 3.730683299e-01, 3.873971823e-01, 4.011435021e-01, 4.141277903e-01, 4.261527220e-01, 4.370089430e-01, 4.464838705e-01, 4.543732604e-01, 4.604944009e-01, 4.646988433e-01, 4.668824284e-01, 4.669916800e-01, 4.650267842e-01, 4.610415893e-01, 4.551406276e-01, 4.474727226e-01, 4.382209623e-01, 4.275899702e-01, 4.157927113e-01, 4.030389257e-01, 3.895263284e-01, 3.754348134e-01, 3.609233395e-01, 3.461289247e-01, 3.311671358e-01, 3.161335273e-01, 3.011055991e-01, 2.861449612e-01, 2.712994982e-01, 2.566054084e-01, 2.420890508e-01, 2.277685729e-01, 2.136553174e-01, 1.997550208e-01, 1.860688218e-01, 1.725941052e-01, 1.593252008e-01, 1.462539615e-01, 1.333702379e-01, 1.206622674e-01, 1.081169925e-01, 9.572031972e-02, 8.345733141e-02, 7.131245732e-02, 5.926961492e-02, 4.731232381e-02, 3.542379998e-02, 2.358703399e-02, 1.178485732e-02,
1.275367627e-02, 2.552703931e-02, 3.833973369e-02, 5.121131635e-02, 6.416120489e-02, 7.720861584e-02, 9.037248898e-02, 1.036713930e-01, 1.171234068e-01, 1.307459707e-01, 1.445556977e-01, 1.585681372e-01, 1.727974780e-01, 1.872561762e-01, 2.019544912e-01, 2.168999080e-01, 2.320964210e-01, 2.475436505e-01, 2.632357573e-01, 2.791601190e-01, 2.952957286e-01, 3.116112808e-01, 3.280629172e-01, 3.445916266e-01, 3.611203361e-01, 3.775507939e-01, 3.937604533e-01, 4.095997118e-01, 4.248900540e-01, 4.394238690e-01, 4.529669147e-01, 4.652645030e-01, 4.760523102e-01, 4.850720005e-01, 4.920902445e-01, 4.969173762e-01, 4.994209809e-01, 4.995334332e-01, 4.972549257e-01, 4.926534696e-01, 4.858618659e-01, 4.770701688e-01, 4.665120982e-01, 4.544463830e-01, 4.411377435e-01, 4.268412687e-01, 4.117916062e-01, 3.961967779e-01, 3.802357161e-01, 3.640584471e-01, 3.477879484e-01, 3.315229106e-01, 3.153408540e-01, 2.993012464e-01, 2.834484123e-01, 2.678141338e-01, 2.524199050e-01, 2.372788475e-01, 2.223973110e-01, 2.077761984e-01, 1.934120509e-01, 1.792979320e-01, 1.654241444e-01, 1.517788068e-01, 1.383483186e-01, 1.251177313e-01, 1.120710447e-01, 9.919144341e-02, 8.646148288e-02, 7.386323758e-02, 6.137841702e-02, 4.898845714e-02, 3.667459217e-02, 2.441791143e-02, 1.219940476e-02,
1.317431994e-02, 2.637033892e-02, 3.960973880e-02, 5.291416427e-02, 6.630519721e-02, 7.980432199e-02, 9.343287815e-02, 1.072119960e-01, 1.211625095e-01, 1.353048406e-01, 1.496588460e-01, 1.642436167e-01, 1.790772177e-01, 1.941763516e-01, 2.095559270e-01, 2.252285059e-01, 2.412036016e-01, 2.574867869e-01, 2.740785706e-01, 2.909729861e-01, 3.081558327e-01, 3.256025007e-01, 3.432753143e-01, 3.611203361e-01, 3.790636095e-01, 3.970068829e-01, 4.148229778e-01, 4.323511576e-01, 4.493931331e-01, 4.657107171e-01, 4.810265649e-01, 4.950298442e-01, 5.073888667e-01, 5.177721870e-01, 5.258772006e-01, 5.314594358e-01, 5.343506858e-01, 5.344661462e-01, 5.318060159e-01, 5.264554975e-01, 5.185831975e-01, 5.084339886e-01, 4.963108787e-01, 4.825457199e-01, 4.674706110e-01, 4.513967993e-01, 4.346020498e-01, 4.173249760e-01, 3.997643000e-01, 3.820811991e-01, 3.644033002e-01, 3.468293126e-01, 3.294336601e-01, 3.122707579e-01, 2.953787708e-01, 2.787828093e-01, 2.624975881e-01, 2.465296010e-01, 2.308788807e-01, 2.155404110e-01, 2.005052511e-01, 1.857614277e-01, 1.712946380e-01, 1.570888027e-01, 1.431264985e-01, 1.293892943e-01, 1.158580118e-01, 1.025129263e-01, 8.933391913e-02, 7.630059311e-02, 6.339235843e-02, 5.058849554e-02, 3.786820015e-02, 2.521061481e-02, 1.259485030e-02,
1.357326458e-02, 2.717025764e-02, 4.081471831e-02, 5.453040474e-02, 6.834109770e-02, 8.227059675e-02, 9.634270568e-02, 1.105812032e-01, 1.250097945e-01, 1.396520362e-01, 1.545312290e-01, 1.696702660e-01, 1.850914245e-01, 2.008160856e-01, 2.168643591e-01, 2.332545872e-01, 2.500026926e-01, 2.671213250e-01, 2.846187519e-01, 3.024974222e-01, 3.207521155e-01, 3.393675750e-01, 3.583155033e-01, 3.775507939e-01, 3.970068829e-01, 4.165901502e-01, 4.361734176e-01, 4.555888076e-01, 4.746206037e-01, 4.929993015e-01, 5.103987837e-01, 5.264394421e-01, 5.407011253e-01, 5.527506801e-01, 5.621869349e-01, 5.686924808e-01, 5.720561804e-01, 5.721744498e-01, 5.690474940e-01, 5.627793072e-01, 5.535814382e-01, 5.417717093e-01, 5.277517080e-01, 5.119550071e-01, 4.948021814e-01, 4.766732676e-01, 4.578948176e-01, 4.387367764e-01, 4.194153089e-01, 4.000987490e-01, 3.809147407e-01, 3.619573795e-01, 3.432937159e-01, 3.249693544e-01, 3.070131035e-01, 2.894407446e-01, 2.722580372e-01, 2.554630876e-01, 2.390481999e-01, 2.230013137e-01, 2.073071150e-01, 1.919478896e-01, 1.769041770e-01, 1.621552676e-01, 1.476795785e-01, 1.334549355e-01, 1.194587819e-01, 1.056683309e-01, 9.206067423e-02, 7.861285728e-02, 6.530192807e-02, 5.210496644e-02, 3.899909809e-02, 2.596149735e-02, 1.296938161e-02,
1.394848073e-02, 2.792270873e-02, 4.194847206e-02, 5.605163867e-02, 7.025819209e-02, 8.459426165e-02, 9.908614457e-02, 1.137603169e-01, 1.286434290e-01, 1.437622806e-01, 1.591437679e-01, 1.748147937e-01, 1.908021287e-01, 2.071322072e-01, 2.238308365e-01, 2.409227913e-01, 2.584312565e-01, 2.763770684e-01, 2.947776900e-01, 3.136458352e-01, 3.329876319e-01, 3.528001805e-01, 3.730683299e-01, 3.937604533e-01, 4.148229778e-01, 4.361734176e-01, 4.576917346e-01, 4.792100517e-01, 5.005011724e-01, 5.212671016e-01, 5.411298261e-01, 5.596280151e-01, 5.762255125e-01, 5.903424731e-01, 6.014273783e-01, 6.090673720e-01, 6.130071052e-01, 6.131279787e-01, 6.094302030e-01, 6.020327991e-01, 5.911915386e-01, 5.773197025e-01, 5.609692371e-01, 5.427204189e-01, 5.231098399e-01, 5.025992722e-01, 4.815671767e-01, 4.603120029e-01, 4.390614101e-01, 4.179837473e-01, 3.971995341e-01, 3.767917489e-01, 3.568144696e-01, 3.372998403e-01, 3.182635443e-01, 2.997090284e-01, 2.816307285e-01, 2.640165123e-01, 2.468495175e-01, 2.301095291e-01, 2.137740056e-01, 1.978188387e-01, 1.822189129e-01, 1.669485121e-01, 1.519816123e-01, 1.372920873e-01, 1.228538494e-01, 1.086409411e-01, 9.462758960e-02, 8.078823371e-02, 6.709753013e-02, 5.353034405e-02, 4.006172841e-02, 2.666689490e-02, 1.332117881e-02,
1.429794961e-02, 2.862362451e-02, 4.300482254e-02, 5.746948577e-02, 7.204577035e-02, 8.676211319e-02, 1.016472941e-01, 1.167304907e-01, 1.320413240e-01, 1.476098894e-01, 1.634667683e-01, 1.796430122e-01, 1.961700894e-01, 2.130797780e-01, 2.304039883e-01, 2.481744850e-01, 2.664224739e-01, 2.851780023e-01, 3.044691043e-01, 3.243205967e-01, 3.447523966e-01, 3.657771853e-01, 3.873971823e-01, 4.095997118e-01, 4.323511576e-01, 4.555888076e-01, 4.792100517e-01, 5.030584921e-01, 5.269069326e-01, 5.504381062e-01, 5.732254042e-01, 5.947172798e-01, 6.142304366e-01, 6.309663215e-01, 6.441127332e-01, 6.531425235e-01, 6.577768898e-01, 6.579001568e-01, 6.535125403e-01, 6.447301476e-01, 6.318322146e-01, 6.153463251e-01, 5.960851188e-01, 5.748475916e-01, 5.523174869e-01, 5.290468048e-01, 5.054626139e-01, 4.818826486e-01, 4.585345814e-01, 4.355752960e-01, 4.131078995e-01, 3.911956124e-01, 3.698725731e-01, 3.491519931e-01, 3.290322050e-01, 3.095010960e-01, 2.905393361e-01, 2.721227155e-01, 2.542238286e-01, 2.368132796e-01, 2.198605394e-01, 2.033345467e-01, 1.872041238e-01, 1.714382557e-01, 1.560062714e-01, 1.408779520e-01, 1.260235874e-01, 1.114139946e-01, 9.702050934e-02, 8.281495784e-02, 6.876961471e-02, 5.485715120e-02, 4.105057662e-02, 2.732317501e-02, 1.364843873e-02,
1.461969320e-02, 2.926901715e-02, 4.397770781e-02, 5.877571154e-02, 7.369329034e-02, 8.876112671e-02, 1.040104278e-01, 1.194730278e-01, 1.351814870e-01, 1.511691847e-01, 1.674704035e-01, 1.841203976e-01, 2.011554386e-01, 2.186128271e-01, 2.365308537e-01, 2.549486864e-01, 2.739061516e-01, 2.934433625e-01, 3.136001283e-01, 3.344150508e-01, 3.559241723e-01, 3.781589819e-01, 4.011435021e-01, 4.248900540e-01, 4.493931331e-01, 4.746206037e-01, 5.005011724e-01, 5.269069326e-01, 5.536299596e-01, 5.803529866e-01, 6.066164047e-01, 6.317852630e-01, 6.550126327e-01, 6.751796430e-01, 6.909147097e-01, 7.016130992e-01, 7.070577736e-01, 7.071832183e-01, 7.019896538e-01, 6.915430364e-01, 6.760608470e-01, 6.561482645e-01, 6.331773215e-01, 6.082673416e-01, 5.822657115e-01, 5.558078461e-01, 5.293538256e-01, 5.032213960e-01, 4.776189708e-01, 4.526749559e-01, 4.284611553e-01, 4.050102283e-01, 3.823282171e-01, 3.604033540e-01, 3.392121867e-01, 3.187238146e-01, 2.989028045e-01, 2.797111851e-01, 2.611098018e-01, 2.430592214e-01, 2.255203258e-01, 2.084546850e-01, 1.918247797e-01, 1.755941155e-01, 1.597272656e-01, 1.441898620e-01, 1.289485535e-01, 1.139709405e-01, 9.922549533e-02, 8.468147360e-02, 7.030881965e-02, 5.607806943e-02, 4.196025187e-02, 2.792678980e-02, 1.394940109e-02,
1.491180604e-02, 2.985504310e-02, 4.486128000e-02, 5.996236225e-02, 7.519055275e-02, 9.057867548e-02, 1.061602626e-01, 1.219697058e-01, 1.380424113e-01, 1.544149589e-01, 1.711252636e-01, 1.882127361e-01, 2.057184403e-01, 2.236852381e-01, 2.421579131e-01, 2.611832554e-01, 2.808100838e-01, 3.010891677e-01, 3.220729956e-01, 3.438153060e-01, 3.663702598e-01, 3.897910680e-01, 4.141277903e-01, 4.394238690e-01, 4.657107171e-01, 4.929993015e-01, 5.212671016e-01, 5.504381062e-01, 5.803529866e-01, 6.107274758e-01, 6.411019650e-01, 6.707947350e-01, 6.988551881e-01, 7.238249080e-01, 7.427533632e-01, 7.553373899e-01, 7.616578871e-01, 7.617852889e-01, 7.557198203e-01, 7.433914972e-01, 7.247198726e-01, 7.000085642e-01, 6.722085613e-01, 6.427787419e-01, 6.126701714e-01, 5.825650427e-01, 5.529234462e-01, 5.240301390e-01, 4.960449501e-01, 4.690444015e-01, 4.430515375e-01, 4.180559283e-01, 3.940267133e-01, 3.709210190e-01, 3.486893730e-01, 3.272791714e-01, 3.066368819e-01, 2.867094188e-01, 2.674449720e-01, 2.487934786e-01, 2.307068571e-01, 2.131390880e-01, 1.960461945e-01, 1.793861611e-01, 1.631188134e-01, 1.472056769e-01, 1.316098241e-01, 1.162957185e-01, 1.012290579e-01, 8.637662158e-02, 7.170612086e-02, 5.718605501e-02, 4.278557161e-02, 2.847433122e-02, 1.422237582e-02,
1.517248787e-02, 3.037806919e-02, 4.565000686e-02, 6.102190469e-02, 7.652788292e-02, 9.220275984e-02, 1.080822415e-01, 1.242031215e-01, 1.406034934e-01, 1.573229762e-01, 1.744029557e-01, 1.918868429e-01, 2.098203484e-01, 2.282517719e-01, 2.472323051e-01, 2.668163384e-01, 2.870617603e-01, 3.080302290e-01, 3.297873805e-01, 3.524029177e-01, 3.759504930e-01, 4.005072398e-01, 4.261527220e-01, 4.529669147e-01, 4.810265649e-01, 5.103987837e-01, 5.411298261e-01, 5.732254042e-01, 6.066164047e-01, 6.411019650e-01, 6.762692445e-01, 7.114365240e-01, 7.457884765e-01, 7.785114379e-01, 8.009364452e-01, 8.153252103e-01, 8.224510960e-01, 8.225802301e-01, 8.157128411e-01, 8.015832596e-01, 7.794185819e-01, 7.469575584e-01, 7.128696174e-01, 6.779688935e-01, 6.430711893e-01, 6.088587070e-01, 5.757447777e-01, 5.439307638e-01, 5.134862888e-01, 4.844061627e-01, 4.566446650e-01, 4.301352341e-01, 4.048016885e-01, 3.805646359e-01, 3.573451150e-01, 3.350666159e-01, 3.136561331e-01, 2.930446360e-01, 2.731671888e-01, 2.539628638e-01, 2.353745361e-01, 2.173486153e-01, 1.998347493e-01, 1.827855209e-01, 1.661561501e-01, 1.499042079e-01, 1.339893476e-01, 1.183730514e-01, 1.030183963e-01, 8.788983395e-02, 7.295298719e-02, 5.817445815e-02, 4.352164834e-02, 2.896258767e-02, 1.446577098e-02,
1.540007624e-02, 3.083473892e-02, 4.633877355e-02, 6.194736673e-02, 7.769631443e-02, 9.362223946e-02, 1.097628219e-01, 1.261570454e-01, 1.428454648e-01, 1.598704966e-01, 1.772767401e-01, 1.951113316e-01, 2.134243383e-01, 2.322691960e-01, 2.517031972e-01, 2.717880326e-01, 2.925903899e-01, 3.141826077e-01, 3.366433796e-01, 3.600584913e-01, 3.845215546e-01, 4.101346765e-01, 4.370089430e-01, 4.652645030e-01, 4.950298442e-01, 5.264394421e-01, 5.596280151e-01, 5.947172798e-01, 6.317852630e-01, 6.707947350e-01, 7.114365240e-01, 7.528936400e-01, 7.943507561e-01, 8.269626337e-01, 8.506224814e-01, 8.660426217e-01, 8.737077685e-01, 8.738384061e-01, 8.664347665e-01, 8.512768300e-01, 8.278803491e-01, 7.955334699e-01, 7.543434567e-01, 7.131560251e-01, 6.727869855e-01, 6.340538182e-01, 5.972661936e-01, 5.624618498e-01, 5.295632788e-01, 4.984492953e-01, 4.689857257e-01, 4.410386545e-01, 4.144801708e-01, 3.891907211e-01, 3.650598351e-01, 3.419860441e-01, 3.198763987e-01, 2.986458033e-01, 2.782162833e-01, 2.585162518e-01, 2.394798083e-01, 2.210460878e-01, 2.031586663e-01, 1.857650232e-01, 1.688160580e-01, 1.522656573e-01, 1.360703068e-01, 1.201887434e-01, 1.045816418e-01, 8.921133077e-02, 7.404153579e-02, 5.903714208e-02, 4.416397593e-02, 2.938860014e-02, 1.467812041e-02,
1.559307816e-02, 3.122203672e-02, 4.692298169e-02, 6.273247427e-02, 7.868776858e-02, 9.482706173e-02, 1.111897610e-01, 1.278167736e-01, 1.447508237e-01, 1.620368053e-01, 1.797221764e-01, 1.978574052e-01, 2.164964773e-01, 2.356974766e-01, 2.555232549e-01, 2.760422051e-01, 2.973291591e-01, 3.194664320e-01, 3.425450391e-01, 3.666661132e-01, 3.919425575e-01, 4.185009685e-01, 4.464838705e-01, 4.760523102e-01, 5.073888667e-01, 5.407011253e-01, 5.762255125e-01, 6.142304366e-01, 6.550126327e-01, 6.988551881e-01, 7.457884765e-01, 7.943507561e-01, 8.352249858e-01, 8.678325715e-01, 8.920149368e-01, 9.079817385e-01, 9.159656622e-01, 9.160975712e-01, 9.083777005e-01, 8.926756567e-01, 8.687592265e-01, 8.364192274e-01, 7.958147143e-01, 7.475247648e-01, 7.008669094e-01, 6.573033868e-01, 6.168043287e-01, 5.790871631e-01, 5.438556812e-01, 5.108420139e-01, 4.798102881e-01, 4.505534874e-01, 4.228896192e-01, 3.966582426e-01, 3.717174604e-01, 3.479413266e-01, 3.252176143e-01, 3.034458951e-01, 2.825358894e-01, 2.624060518e-01, 2.429823573e-01, 2.241972612e-01, 2.059888050e-01, 1.882998477e-01, 1.710774015e-01, 1.542720563e-01, 1.378374789e-01, 1.217299736e-01, 1.059080966e-01, 9.033231158e-02, 7.496468314e-02, 5.976859842e-02, 4.470851316e-02, 2.974971654e-02, 1.485811054e-02,
1.575019968e-02, 3.153734811e-02, 4.739864220e-02, 6.337178008e-02, 7.949522390e-02, 9.580847782e-02, 1.123523870e-01, 1.291694642e-01, 1.463042511e-01, 1.638037244e-01, 1.817177550e-01, 2.000996356e-01, 2.190066889e-01, 2.385009783e-01, 2.586501408e-01, 2.795283737e-01, 3.012176092e-01, 3.238089224e-01, 3.474042315e-01, 3.721183649e-01, 3.980815938e-01, 4.254427695e-01, 4.543732604e-01, 4.850720005e-01, 5.177721870e-01, 5.527506801e-01, 5.903424731e-01, 6.309663215e-01, 6.751796430e-01, 7.238249080e-01, 7.785114379e-01, 8.269626337e-01, 8.678325715e-01, 9.005944415e-01, 9.250896675e-01, 9.413704454e-01, 9.495422823e-01, 9.496752280e-01, 9.417695194e-01, 9.257555818e-01, 9.015283845e-01, 8.690362108e-01, 8.284381201e-01, 7.802614105e-01, 7.258525004e-01, 6.774884908e-01, 6.335605714e-01, 5.932267925e-01, 5.559302691e-01, 5.212527910e-01, 4.888599253e-01, 4.584753878e-01, 4.298665759e-01, 4.028351697e-01, 3.772104372e-01, 3.528441876e-01, 3.296068369e-01, 3.073842733e-01, 2.860753275e-01, 2.655897087e-01, 2.458463081e-01, 2.267717946e-01, 2.082994448e-01, 1.903681611e-01, 1.729216440e-01, 1.559076877e-01, 1.392775787e-01, 1.229855757e-01, 1.069884594e-01, 9.124513584e-02, 7.571628677e-02, 6.036405531e-02, 4.515176177e-02, 3.004364230e-02, 1.500460520e-02,
1.587037246e-02, 3.177851383e-02, 4.776245894e-02, 6.386077996e-02, 8.011286911e-02, 9.655923864e-02, 1.132418450e-01, 1.302044450e-01, 1.474929923e-01, 1.651560861e-01, 1.832454838e-01, 2.018166931e-01, 2.209296646e-01, 2.406496068e-01, 2.610479562e-01, 2.822035398e-01, 3.042039817e-01, 3.271474168e-01, 3.511445998e-01, 3.763215209e-01, 4.028226834e-01, 4.308152554e-01, 4.604944009e-01, 4.920902445e-01, 5.258772006e-01, 5.621869349e-01, 6.014273783e-01, 6.441127332e-01, 6.909147097e-01, 7.427533632e-01, 8.009364452e-01, 8.506224814e-01, 8.920149368e-01, 9.250896675e-01, 9.498455583e-01, 9.663348051e-01, 9.746245057e-01, 9.747582508e-01, 9.667362792e-01, 9.505154786e-01, 9.260292309e-01, 8.932258229e-01, 8.521068568e-01, 8.026969684e-01, 7.447931910e-01, 6.932375047e-01, 6.467226734e-01, 6.043291666e-01, 5.653858115e-01, 5.293789559e-01, 4.959012343e-01, 4.646215627e-01, 4.352661270e-01, 4.076054233e-01, 3.814449309e-01, 3.566181498e-01, 3.329812722e-01, 3.104090338e-01, 2.887914387e-01, 2.680311474e-01, 2.480413716e-01, 2.287441645e-01, 2.100690185e-01, 1.919517080e-01, 1.743333255e-01, 1.571594720e-01, 1.403795723e-01, 1.239462912e-01, 1.078150293e-01, 9.194348565e-02, 7.629127278e-02, 6.081957426e-02, 4.549083631e-02, 3.026848570e-02, 1.511666798e-02,
1.595277634e-02, 3.194387583e-02, 4.801189975e-02, 6.419601171e-02, 8.053623393e-02, 9.707376261e-02, 1.138513095e-01, 1.309134784e-01, 1.483071868e-01, 1.660821440e-01, 1.842914008e-01, 2.029919885e-01, 2.222456695e-01, 2.421198282e-01, 2.626885373e-01, 2.840338478e-01, 3.062473608e-01, 3.294321632e-01, 3.537052299e-01, 3.792004357e-01, 4.060723634e-01, 4.345011679e-01, 4.646988433e-01, 4.969173762e-01, 5.314594358e-01, 5.686924808e-01, 6.090673720e-01, 6.531425235e-01, 7.016130992e-01, 7.553373899e-01, 8.153252103e-01, 8.660426217e-01, 9.079817385e-01, 9.413704454e-01, 9.663348051e-01, 9.829654228e-01, 9.913293964e-01, 9.914637022e-01, 9.833685800e-01, 9.670075343e-01, 9.423139493e-01, 9.091977051e-01, 8.675332278e-01, 8.170931273e-01, 7.573857903e-01, 7.039456637e-01, 6.557634509e-01, 6.119813891e-01, 5.719048545e-01, 5.349759867e-01, 5.007444933e-01, 4.688435015e-01, 4.389709461e-01, 4.108754655e-01, 3.843457134e-01, 3.592022084e-01, 3.352910685e-01, 3.124791509e-01, 2.906502461e-01, 2.697020705e-01, 2.495438666e-01, 2.300944731e-01, 2.112807565e-01, 1.930363270e-01, 1.753004782e-01, 1.580173023e-01, 1.411349475e-01, 1.246049875e-01, 1.083818810e-01, 9.242250469e-02, 7.668574442e-02, 6.113213267e-02, 4.572352349e-02, 3.042279623e-02, 1.519358099e-02,
1.599685707e-02, 3.203231337e-02, 4.814525253e-02, 6.437513318e-02, 8.076229232e-02, 9.734826838e-02, 1.141761519e-01, 1.312909723e-01, 1.487401326e-01, 1.665739024e-01, 1.848459870e-01, 2.036141905e-01, 2.229411968e-01, 2.428954990e-01, 2.635525171e-01, 2.849959532e-01, 3.073194507e-01, 3.306286452e-01, 3.550437210e-01, 3.807026284e-01, 4.077651668e-01, 4.364182093e-01, 4.668824284e-01, 4.994209809e-01, 5.343506858e-01, 5.720561804e-01, 6.130071052e-01, 6.577768898e-01, 7.070577736e-01, 7.616578871e-01, 8.224510960e-01, 8.737077685e-01, 9.159656622e-01, 9.495422823e-01, 9.746245057e-01, 9.913293964e-01, 9.997306669e-01, 9.998652933e-01, 9.917335162e-01, 9.752988411e-01, 9.504880390e-01, 9.171845321e-01, 8.752019338e-01, 8.242232346e-01, 7.637111791e-01, 7.093959089e-01, 6.604040776e-01, 6.159280841e-01, 5.752762308e-01, 5.378756430e-01, 5.032572508e-01, 4.710370041e-01, 4.408986902e-01, 4.125797792e-01, 3.858602489e-01, 3.605539019e-01, 3.365016424e-01, 3.135662551e-01, 2.916283245e-01, 2.705830217e-01, 2.503375513e-01, 2.308091050e-01, 2.119232073e-01, 1.936123655e-01, 1.758149578e-01, 1.584743114e-01, 1.415379280e-01, 1.249568302e-01, 1.086850024e-01, 9.267890773e-02, 7.689706756e-02, 6.129968848e-02, 4.584832877e-02, 3.050559472e-02, 1.523485977e-02,
1.600233857e-02, 3.204326807e-02, 4.816166383e-02, 6.439697617e-02, 8.078953377e-02, 9.738086675e-02, 1.142140572e-01, 1.313341265e-01, 1.487884689e-01, 1.666273458e-01, 1.849044543e-01, 2.036775899e-01, 2.230094281e-01, 2.429684540e-01, 2.636300790e-01, 2.850779971e-01, 3.074058436e-01, 3.307192460e-01, 3.551383806e-01, 3.808011900e-01, 4.078674660e-01, 4.365240743e-01, 4.669916800e-01, 4.995334332e-01, 5.344661462e-01, 5.721744498e-01, 6.131279787e-01, 6.579001568e-01, 7.071832183e-01, 7.617852889e-01, 8.225802301e-01, 8.738384061e-01, 9.160975712e-01, 9.496752280e-01, 9.747582508e-01, 9.914637022e-01, 9.998652933e-01, 9.999999999e-01, 9.918680624e-01, 9.754329869e-01, 9.506215455e-01, 9.173171622e-01, 8.753334527e-01, 8.243534102e-01, 7.638397826e-01, 7.095227154e-01, 6.605288663e-01, 6.160506392e-01, 5.753963413e-01, 5.379931039e-01, 5.033718627e-01, 4.711485739e-01, 4.410070315e-01, 4.126847122e-01, 3.859616010e-01, 3.606515078e-01, 3.365953442e-01, 3.136559025e-01, 2.917137750e-01, 2.706641406e-01, 2.504142117e-01, 2.308811882e-01, 2.119906024e-01, 1.936749696e-01, 1.758726763e-01, 1.585270574e-01, 1.415856228e-01, 1.249994031e-01, 1.087223905e-01, 9.271105631e-02, 7.692392961e-02, 6.132122492e-02, 4.586450839e-02, 3.051639412e-02, 1.524026337e-02,
1.596922913e-02, 3.197675651e-02, 4.806115854e-02, 6.426157389e-02, 8.061799985e-02, 9.717160760e-02, 1.139650839e-01, 1.310430074e-01, 1.484522707e-01, 1.662425577e-01, 1.844668943e-01, 2.031822866e-01, 2.224504719e-01, 2.423388097e-01, 2.629213478e-01, 2.842801125e-01, 3.065066806e-01, 3.297041145e-01, 3.539893655e-01, 3.794962850e-01, 4.063794329e-01, 4.348189418e-01, 4.650267842e-01, 4.972549257e-01, 5.318060159e-01, 5.690474940e-01, 6.094302030e-01, 6.535125403e-01, 7.019896538e-01, 7.557198203e-01, 8.157128411e-01, 8.664347665e-01, 9.083777005e-01, 9.417695194e-01, 9.667362792e-01, 9.833685800e-01, 9.917335162e-01, 9.918680624e-01, 9.837724584e-01, 9.674102103e-01, 9.427147059e-01, 9.095958303e-01, 8.679280165e-01, 8.174838828e-01, 7.577718257e-01, 7.043263037e-01, 6.561380330e-01, 6.123492649e-01, 5.722653914e-01, 5.353285687e-01, 5.010885221e-01, 4.691783975e-01, 4.392961495e-01, 4.111904371e-01, 3.846499352e-01, 3.594951841e-01, 3.355723242e-01, 3.127482358e-01, 2.909067325e-01, 2.699455540e-01, 2.497739669e-01, 2.303108336e-01, 2.114830446e-01, 1.932242344e-01, 1.754737204e-01, 1.581756191e-01, 1.412781028e-01, 1.247327690e-01, 1.084941003e-01, 9.251899737e-02, 7.676636963e-02, 6.119677322e-02, 4.577208574e-02, 3.045521001e-02, 1.520979957e-02,
1.589782143e-02, 3.183337030e-02, 4.784463994e-02, 6.397016101e-02, 8.024928414e-02, 9.672247994e-02, 1.134316632e-01, 1.304205488e-01, 1.477350486e-01, 1.654237202e-01, 1.835382787e-01, 2.021341902e-01, 2.212713633e-01, 2.410149650e-01, 2.614363902e-01, 2.826144247e-01, 3.046366517e-01, 3.276011658e-01, 3.516186820e-01, 3.768151514e-01, 4.033350390e-01, 4.313454757e-01, 4.610415893e-01, 4.926534696e-01, 5.264554975e-01, 5.627793072e-01, 6.020327991e-01, 6.447301476e-01, 6.915430364e-01, 7.433914972e-01, 8.015832596e-01, 8.512768300e-01, 8.926756567e-01, 9.257555818e-01, 9.505154786e-01, 9.670075343e-01, 9.752988411e-01, 9.754329869e-01, 9.674102103e-01, 9.511874019e-01, 9.266979495e-01, 8.938901484e-01, 8.527656122e-01, 8.033489906e-01, 7.454373336e-01, 6.938726407e-01, 6.473476970e-01, 6.049429961e-01, 5.659873909e-01, 5.299672572e-01, 4.964752593e-01, 4.651803446e-01, 4.358087319e-01, 4.081309516e-01, 3.819525185e-01, 3.571069690e-01, 3.334505329e-01, 3.108579839e-01, 2.892193651e-01, 2.684373760e-01, 2.484252682e-01, 2.291051347e-01, 2.104065080e-01, 1.922652028e-01, 1.746223517e-01, 1.574235958e-01, 1.406184003e-01, 1.241594696e-01, 1.080022443e-01, 9.210446325e-02, 7.642577834e-02, 6.092741256e-02, 4.557185136e-02, 3.032256062e-02, 1.514372489e-02,
1.578868630e-02, 3.161426332e-02, 4.751386991e-02, 6.352514607e-02, 7.968649575e-02, 9.603736485e-02, 1.126185401e-01, 1.294724758e-01, 1.466436550e-01, 1.641789956e-01, 1.821283101e-01, 2.005448322e-01, 2.194858262e-01, 2.390132968e-01, 2.591948231e-01, 2.801045444e-01, 3.018243356e-01, 3.244452151e-01, 3.480690454e-01, 3.728105997e-01, 3.988000959e-01, 4.261863327e-01, 4.551406276e-01, 4.858618659e-01, 5.185831975e-01, 5.535814382e-01, 5.911915386e-01, 6.318322146e-01, 6.760608470e-01, 7.247198726e-01, 7.794185819e-01, 8.278803491e-01, 8.687592265e-01, 9.015283845e-01, 9.260292309e-01, 9.423139493e-01, 9.504880390e-01, 9.506215455e-01, 9.427147059e-01, 9.266979495e-01, 9.024662536e-01, 8.699679136e-01, 8.293620051e-01, 7.811758457e-01, 7.267558775e-01, 6.783792284e-01, 6.344371184e-01, 5.940876314e-01, 5.567739189e-01, 5.220778100e-01, 4.896649135e-01, 4.592589896e-01, 4.306274820e-01, 4.035721189e-01, 3.779222182e-01, 3.535296406e-01, 3.302648545e-01, 3.080138019e-01, 2.866753679e-01, 2.661593167e-01, 2.463845954e-01, 2.272779289e-01, 2.087726499e-01, 1.908077173e-01, 1.733268878e-01, 1.562780122e-01, 1.396124329e-01, 1.232844648e-01, 1.072509442e-01, 9.147083295e-02, 7.590486790e-02, 6.051524735e-02, 4.526534650e-02, 3.011945622e-02, 1.504253938e-02,
1.564266047e-02, 3.132112677e-02, 4.707143030e-02, 6.293005760e-02, 7.893418796e-02, 9.512194359e-02, 1.115326567e-01, 1.282071592e-01, 1.451880999e-01, 1.625202973e-01, 1.802511339e-01, 1.984310022e-01, 2.171138124e-01, 2.363575731e-01, 2.562250609e-01, 2.767845943e-01, 2.981109312e-01, 3.202863137e-01, 3.434016846e-01, 3.675581062e-01, 3.928684123e-01, 4.194591315e-01, 4.474727226e-01, 4.770701688e-01, 5.084339886e-01, 5.417717093e-01, 5.773197025e-01, 6.153463251e-01, 6.561482645e-01, 7.000085642e-01, 7.469575584e-01, 7.955334699e-01, 8.364192274e-01, 8.690362108e-01, 8.932258229e-01, 9.091977051e-01, 9.171845321e-01, 9.173171622e-01, 9.095958303e-01, 8.938901484e-01, 8.699679136e-01, 8.376199592e-01, 7.970053607e-01, 7.487032215e-01, 7.020311024e-01, 6.584512771e-01, 6.179339167e-01, 5.801964925e-01, 5.449428431e-01, 5.119051503e-01, 4.808475951e-01, 4.515632184e-01, 4.238700875e-01, 3.976078238e-01, 3.726345947e-01, 3.488245206e-01, 3.260654425e-01, 3.042570013e-01, 2.833089878e-01, 2.631399276e-01, 2.436758677e-01, 2.248493356e-01, 2.065984453e-01, 1.888661285e-01, 1.715994700e-01, 1.547491323e-01, 1.382688542e-01, 1.221150125e-01, 1.062462348e-01, 9.062305642e-02, 7.520761297e-02, 5.996336243e-02, 4.485483108e-02, 2.984737837e-02, 1.490697641e-02,
1.546082879e-02, 3.095615298e-02, 4.652066693e-02, 6.218946605e-02, 7.799825492e-02, 9.398356482e-02, 1.101829840e-01, 1.266354043e-01, 1.433812881e-01, 1.604629597e-01, 1.779249259e-01, 1.958142305e-01, 2.141808481e-01, 2.330781221e-01, 2.525632532e-01, 2.726978406e-01, 2.935484812e-01, 3.151874237e-01, 3.376932733e-01, 3.611517283e-01, 3.856563154e-01, 4.113090584e-01, 4.382209623e-01, 4.665120982e-01, 4.963108787e-01, 5.277517080e-01, 5.609692371e-01, 5.960851188e-01, 6.331773215e-01, 6.722085613e-01, 7.128696174e-01, 7.543434567e-01, 7.958147143e-01, 8.284381201e-01, 8.521068568e-01, 8.675332278e-01, 8.752019338e-01, 8.753334527e-01, 8.679280165e-01, 8.527656122e-01, 8.293620051e-01, 7.970053607e-01, 7.558029690e-01, 7.146005772e-01, 6.742140334e-01, 6.354608609e-01, 5.986507787e-01, 5.638215786e-01, 5.308958109e-01, 4.997523529e-01, 4.702570982e-01, 4.422762014e-01, 4.156818257e-01, 3.903544942e-01, 3.661838163e-01, 3.430684047e-01, 3.209153937e-01, 2.996397730e-01, 2.791636543e-01, 2.594155382e-01, 2.403296123e-01, 2.218451003e-01, 2.039056673e-01, 1.864588816e-01, 1.694557316e-01, 1.528501927e-01, 1.365988392e-01, 1.206604962e-01, 1.049959261e-01, 8.956754494e-02, 7.433916512e-02, 5.927575833e-02, 4.434323702e-02, 2.950824978e-02, 1.473798789e-02,
1.524450173e-02, 3.052198942e-02, 4.586561840e-02, 6.130888477e-02, 7.688580085e-02, 9.263107677e-02, 1.085803101e-01, 1.247701859e-01, 1.412386885e-01, 1.580253275e-01, 1.751713795e-01, 1.927201458e-01, 2.107172272e-01, 2.292108142e-01, 2.482519892e-01, 2.678950339e-01, 2.881977292e-01, 3.092216266e-01, 3.310322565e-01, 3.536992183e-01, 3.772960628e-01, 4.018998243e-01, 4.275899702e-01, 4.544463830e-01, 4.825457199e-01, 5.119550071e-01, 5.427204189e-01, 5.748475916e-01, 6.082673416e-01, 6.427787419e-01, 6.779688935e-01, 7.131560251e-01, 7.475247648e-01, 7.802614105e-01, 8.026969684e-01, 8.170931273e-01, 8.242232346e-01, 8.243534102e-01, 8.174838828e-01, 8.033489906e-01, 7.811758457e-01, 7.487032215e-01, 7.146005772e-01, 6.796820851e-01, 6.447635930e-01, 6.105273544e-01, 5.773867587e-01, 5.455432325e-01, 5.150664687e-01, 4.859513525e-01, 4.581522432e-01, 4.316026633e-01, 4.062265196e-01, 3.819445112e-01, 3.586777715e-01, 3.363498880e-01, 3.148879548e-01, 2.942230426e-01, 2.742903184e-01, 2.550289586e-01, 2.363819429e-01, 2.182957862e-01, 2.007202421e-01, 1.836079989e-01, 1.669143819e-01, 1.505970676e-01, 1.346158138e-01, 1.189322072e-01, 1.035094283e-01, 8.831203218e-02, 7.330574424e-02, 5.845726875e-02, 4.373410889e-02, 2.910439583e-02, 1.453672537e-02,
1.499518871e-02, 3.002168458e-02, 4.511093248e-02, 6.029465376e-02, 7.560498694e-02, 9.107463129e-02, 1.067369939e-01, 1.226263408e-01, 1.387779524e-01, 1.552282824e-01, 1.720151189e-01, 1.891777461e-01, 2.067571008e-01, 2.247959182e-01, 2.433388554e-01, 2.624325765e-01, 2.821257752e-01, 3.024690970e-01, 3.235149078e-01, 3.453168256e-01, 3.679288931e-01, 3.914042058e-01, 4.157927113e-01, 4.411377435e-01, 4.674706110e-01, 4.948021814e-01, 5.231098399e-01, 5.523174869e-01, 5.822657115e-01, 6.126701714e-01, 6.430711893e-01, 6.727869855e-01, 7.008669094e-01, 7.258525004e-01, 7.447931910e-01, 7.573857903e-01, 7.637111791e-01, 7.638397826e-01, 7.577718257e-01, 7.454373336e-01, 7.267558775e-01, 7.020311024e-01, 6.742140334e-01, 6.447635930e-01, 6.146308990e-01, 5.844982050e-01, 5.548256693e-01, 5.258981238e-01, 4.978754791e-01, 4.708343451e-01, 4.447978589e-01, 4.197556892e-01, 3.956770782e-01, 3.725192593e-01, 3.502328705e-01, 3.287654211e-01, 3.080634949e-01, 2.880741240e-01, 2.687456181e-01, 2.500280348e-01, 2.318734145e-01, 2.142358596e-01, 1.970715158e-01, 1.803384899e-01, 1.639967297e-01, 1.480078821e-01, 1.323351411e-01, 1.169430904e-01, 1.017975477e-01, 8.686541126e-02, 7.211451090e-02, 5.751346356e-02, 4.303153395e-02, 2.863849928e-02, 1.430451777e-02,
1.471456854e-02, 2.945862770e-02, 4.426177318e-02, 5.915381085e-02, 7.416486188e-02, 8.932546755e-02, 1.046666933e-01, 1.202202310e-01, 1.360184980e-01, 1.520947307e-01, 1.684830676e-01, 1.852186188e-01, 2.023375117e-01, 2.198769024e-01, 2.378749377e-01, 2.563706417e-01, 2.754036980e-01, 2.950140784e-01, 3.152414522e-01, 3.361242831e-01, 3.576984782e-01, 3.799953945e-01, 4.030389257e-01, 4.268412687e-01, 4.513967993e-01, 4.766732676e-01, 5.025992722e-01, 5.290468048e-01, 5.558078461e-01, 5.825650427e-01, 6.088587070e-01, 6.340538182e-01, 6.573033868e-01, 6.774884908e-01, 6.932375047e-01, 7.039456637e-01, 7.093959089e-01, 7.095227154e-01, 7.043263037e-01, 6.938726407e-01, 6.783792284e-01, 6.584512771e-01, 6.354608609e-01, 6.105273544e-01, 5.844982050e-01, 5.580088973e-01, 5.315195896e-01, 5.053481144e-01, 4.797029789e-01, 4.547126897e-01, 4.304491581e-01, 4.069451563e-01, 3.842068445e-01, 3.622225776e-01, 3.409690300e-01, 3.204154309e-01, 3.005264798e-01, 2.812643406e-01, 2.625899950e-01, 2.444641482e-01, 2.268478206e-01, 2.097027218e-01, 1.929914717e-01, 1.766777153e-01, 1.607261647e-01, 1.451025901e-01, 1.297737781e-01, 1.147074655e-01, 9.987226078e-02, 8.523755431e-02, 7.077342452e-02, 5.645054064e-02, 4.224006407e-02, 2.811354958e-02, 1.404284644e-02,
1.440445776e-02, 2.883648452e-02, 4.332372167e-02, 5.789395458e-02, 7.257518219e-02, 8.739568376e-02, 1.023840807e-01, 1.175693917e-01, 1.329810781e-01, 1.486490747e-01, 1.646038020e-01, 1.808761499e-01, 1.974974246e-01, 2.144992423e-01, 2.319133512e-01, 2.497713544e-01, 2.681042969e-01, 2.869420665e-01, 3.063125393e-01, 3.262403765e-01, 3.467453422e-01, 3.678399682e-01, 3.895263284e-01, 4.117916062e-01, 4.346020498e-01, 4.578948176e-01, 4.815671767e-01, 5.054626139e-01, 5.293538256e-01, 5.529234462e-01, 5.757447777e-01, 5.972661936e-01, 6.168043287e-01, 6.335605714e-01, 6.467226734e-01, 6.557634509e-01, 6.604040776e-01, 6.605288663e-01, 6.561380330e-01, 6.473476970e-01, 6.344371184e-01, 6.179339167e-01, 5.986507787e-01, 5.773867587e-01, 5.548256693e-01, 5.315195896e-01, 5.078956774e-01, 4.842717652e-01, 4.608756323e-01, 4.378642769e-01, 4.153409276e-01, 3.933689333e-01, 3.719825660e-01, 3.511951766e-01, 3.310052408e-01, 3.114007929e-01, 2.923626528e-01, 2.738667634e-01, 2.558858733e-01, 2.383907424e-01, 2.213509979e-01, 2.047357354e-01, 1.885139338e-01, 1.726547350e-01, 1.571276236e-01, 1.419025357e-01, 1.269499155e-01, 1.122407329e-01, 9.774647564e-02, 8.343912065e-02, 6.929109226e-02, 5.527521039e-02, 4.136463213e-02, 2.753278853e-02, 1.375331840e-02,
1.406677797e-02, 2.815913093e-02, 4.230267443e-02, 5.652310359e-02, 7.084622855e-02, 8.529800458e-02, 9.990455404e-02, 1.146921772e-01, 1.296873479e-01, 1.449166881e-01, 1.604069157e-01, 1.761847542e-01, 1.922767945e-01, 2.087092909e-01, 2.255078704e-01, 2.426971278e-01, 2.603000687e-01, 2.783373513e-01, 2.968262622e-01, 3.157793415e-01, 3.352025457e-01, 3.550928078e-01, 3.754348134e-01, 3.961967779e-01, 4.173249760e-01, 4.387367764e-01, 4.603120029e-01, 4.818826486e-01, 5.032213960e-01, 5.240301390e-01, 5.439307638e-01, 5.624618498e-01, 5.790871631e-01, 5.932267925e-01, 6.043291666e-01, 6.119813891e-01, 6.159280841e-01, 6.160506392e-01, 6.123492649e-01, 6.049429961e-01, 5.940876314e-01, 5.801964925e-01, 5.638215786e-01, 5.455432325e-01, 5.258981238e-01, 5.053481144e-01, 4.842717652e-01, 4.629676368e-01, 4.416635084e-01, 4.205278579e-01, 3.996813420e-01, 3.792070832e-01, 3.591593097e-01, 3.395703220e-01, 3.204559638e-01, 3.018198469e-01, 2.836565752e-01, 2.659541870e-01, 2.486959924e-01, 2.318619501e-01, 2.154296931e-01, 1.993752879e-01, 1.836737933e-01, 1.682996673e-01, 1.532270588e-01, 1.384300138e-01, 1.238826152e-01, 1.095590750e-01, 9.543378821e-02, 8.148136042e-02, 6.767661347e-02, 5.399457654e-02, 4.041046551e-02, 2.689965402e-02, 1.343763864e-02,
1.370352321e-02, 2.743058679e-02, 4.120474153e-02, 5.504955678e-02, 6.898862385e-02, 8.304555199e-02, 9.724395366e-02, 1.116074152e-01, 1.261594480e-01, 1.409234142e-01, 1.559224184e-01, 1.711791566e-01, 1.867157084e-01, 2.025532565e-01, 2.187117116e-01, 2.352092176e-01, 2.520614987e-01, 2.692810077e-01, 2.868758167e-01, 3.048481814e-01, 3.231926914e-01, 3.418939038e-01, 3.609233395e-01, 3.802357161e-01, 3.997643000e-01, 4.194153089e-01, 4.390614101e-01, 4.585345814e-01, 4.776189708e-01, 4.960449501e-01, 5.134862888e-01, 5.295632788e-01, 5.438556812e-01, 5.559302691e-01, 5.653858115e-01, 5.719048545e-01, 5.752762308e-01, 5.753963413e-01, 5.722653914e-01, 5.659873909e-01, 5.567739189e-01, 5.449428431e-01, 5.308958109e-01, 5.150664687e-01, 4.978754791e-01, 4.797029789e-01, 4.608756323e-01, 4.416635084e-01, 4.222829064e-01, 4.029023044e-01, 3.836494994e-01, 3.646187477e-01, 3.458772677e-01, 3.274708379e-01, 3.094284456e-01, 2.917660556e-01, 2.744896142e-01, 2.575974169e-01, 2.410819590e-01, 2.249313727e-01, 2.091305366e-01, 1.936619298e-01, 1.785062842e-01, 1.636430820e-01, 1.490509307e-01, 1.347078453e-01, 1.205914566e-01, 1.066791635e-01, 9.294824185e-02, 7.937591933e-02, 6.593942464e-02, 5.261601680e-02, 3.938299936e-02, 2.621772338e-02, 1.309758212e-02,
1.331672807e-02, 2.665495149e-02, 4.003614813e-02, 5.348175816e-02, 6.701315808e-02, 8.065162587e-02, 9.441829340e-02, 1.083340819e-01, 1.224196149e-01, 1.366951023e-01, 1.511801871e-01, 1.658937455e-01, 1.808536262e-01, 1.960763148e-01, 2.115765021e-01, 2.273665323e-01, 2.434557009e-01, 2.598493642e-01, 2.765478156e-01, 2.935448760e-01, 3.108261347e-01, 3.283667765e-01, 3.461289247e-01, 3.640584471e-01, 3.820811991e-01, 4.000987490e-01, 4.179837473e-01, 4.355752960e-01, 4.526749559e-01, 4.690444015e-01, 4.844061627e-01, 4.984492953e-01, 5.108420139e-01, 5.212527910e-01, 5.293789559e-01, 5.349759867e-01, 5.378756430e-01, 5.379931039e-01, 5.353285687e-01, 5.299672572e-01, 5.220778100e-01, 5.119051503e-01, 4.997523529e-01, 4.859513525e-01, 4.708343451e-01, 4.547126897e-01, 4.378642769e-01, 4.205278579e-01, 4.029023044e-01, 3.851489539e-01, 3.673956033e-01, 3.497411406e-01, 3.322601756e-01, 3.150073161e-01, 2.980209251e-01, 2.813263159e-01, 2.649384091e-01, 2.488639074e-01, 2.331030542e-01, 2.176510449e-01, 2.024991509e-01, 1.876356104e-01, 1.730463319e-01, 1.587154457e-01, 1.446257367e-01, 1.307589802e-01, 1.170962024e-01, 1.036178806e-01, 9.030409635e-02, 7.713465041e-02, 6.408914898e-02, 5.114706666e-02, 3.828779175e-02, 2.549065803e-02, 1.273496648e-02,
1.290843759e-02, 2.583634296e-02, 3.880314134e-02, 5.182816965e-02, 6.493062446e-02, 7.812949999e-02, 9.144351217e-02, 1.048910041e-01, 1.184898274e-01, 1.322571928e-01, 1.462094822e-01, 1.603620120e-01, 1.747287361e-01, 1.893218745e-01, 2.041514496e-01, 2.192247087e-01, 2.345454085e-01, 2.501129324e-01, 2.659212056e-01, 2.819573722e-01, 2.982001950e-01, 3.146181427e-01, 3.311671358e-01, 3.477879484e-01, 3.644033002e-01, 3.809147407e-01, 3.971995341e-01, 4.131078995e-01, 4.284611553e-01, 4.430515375e-01, 4.566446650e-01, 4.689857257e-01, 4.798102881e-01, 4.888599253e-01, 4.959012343e-01, 5.007444933e-01, 5.032572508e-01, 5.033718627e-01, 5.010885221e-01, 4.964752593e-01, 4.896649135e-01, 4.808475951e-01, 4.702570982e-01, 4.581522432e-01, 4.447978589e-01, 4.304491581e-01, 4.153409276e-01, 3.996813420e-01, 3.836494994e-01, 3.673956033e-01, 3.510428196e-01, 3.346900358e-01, 3.184149779e-01, 3.022773259e-01, 2.863216229e-01, 2.705798736e-01, 2.550737989e-01, 2.398167492e-01, 2.248153055e-01, 2.100706020e-01, 1.955794116e-01, 1.813350292e-01, 1.673279870e-01, 1.535466322e-01, 1.399775903e-01, 1.266061365e-01, 1.134164921e-01, 1.003920602e-01, 8.751561252e-02, 7.476943697e-02, 6.213545420e-02, 4.959530911e-02, 3.713044296e-02, 2.472215049e-02, 1.235162577e-02,
1.248067931e-02, 2.497884143e-02, 3.751190462e-02, 5.009715463e-02, 6.275167010e-02, 7.549223746e-02, 8.833525120e-02, 1.012965950e-01, 1.143914978e-01, 1.276343594e-01, 1.410385371e-01, 1.546160841e-01, 1.683774315e-01, 1.823309976e-01, 1.964827132e-01, 2.108354442e-01, 2.253882920e-01, 2.401357514e-01, 2.550667023e-01, 2.701632120e-01, 2.853991305e-01, 3.007384636e-01, 3.161335273e-01, 3.315229106e-01, 3.468293126e-01, 3.619573795e-01, 3.767917489e-01, 3.911956124e-01, 4.050102283e-01, 4.180559283e-01, 4.301352341e-01, 4.410386545e-01, 4.505534874e-01, 4.584753878e-01, 4.646215627e-01, 4.688435015e-01, 4.710370041e-01, 4.711485739e-01, 4.691783975e-01, 4.651803446e-01, 4.592589896e-01, 4.515632184e-01, 4.422762014e-01, 4.316026633e-01, 4.197556892e-01, 4.069451563e-01, 3.933689333e-01, 3.792070832e-01, 3.646187477e-01, 3.497411406e-01, 3.346900358e-01, 3.195612050e-01, 3.044323743e-01, 2.893653869e-01, 2.744083668e-01, 2.595977567e-01, 2.449601636e-01, 2.305139853e-01, 2.162708165e-01, 2.022366459e-01, 1.884128644e-01, 1.747971077e-01, 1.613839549e-01, 1.481655059e-01, 1.351318557e-01, 1.222714833e-01, 1.095715693e-01, 9.701825562e-02, 8.459685655e-02, 7.229203075e-02, 6.008792175e-02, 4.796827262e-02, 3.591652049e-02, 2.391587521e-02, 1.194938610e-02,
1.203543821e-02, 2.408643885e-02, 3.616848108e-02, 4.829687414e-02, 6.048666386e-02, 7.275252854e-02, 8.510866023e-02, 9.756862672e-02, 1.101452093e-01, 1.228502101e-01, 1.356942224e-01, 1.486863560e-01, 1.618339083e-01, 1.751419711e-01, 1.886129615e-01, 2.022460629e-01, 2.160365638e-01, 2.299750791e-01, 2.440466400e-01, 2.582296430e-01, 2.724946515e-01, 2.868030539e-01, 3.011055991e-01, 3.153408540e-01, 3.294336601e-01, 3.432937159e-01, 3.568144696e-01, 3.698725731e-01, 3.823282171e-01, 3.940267133e-01, 4.048016885e-01, 4.144801708e-01, 4.228896192e-01, 4.298665759e-01, 4.352661270e-01, 4.389709461e-01, 4.408986902e-01, 4.410070315e-01, 4.392961495e-01, 4.358087319e-01, 4.306274820e-01, 4.238700875e-01, 4.156818257e-01, 4.062265196e-01, 3.956770782e-01, 3.842068445e-01, 3.719825660e-01, 3.591593097e-01, 3.458772677e-01, 3.322601756e-01, 3.184149779e-01, 3.044323743e-01, 2.903879273e-01, 2.763434804e-01, 2.623487008e-01, 2.484426230e-01, 2.346551135e-01, 2.210082118e-01, 2.075173293e-01, 1.941923006e-01, 1.810382924e-01, 1.680565822e-01, 1.552452189e-01, 1.425995808e-01, 1.301128434e-01, 1.177763716e-01, 1.055800461e-01, 9.351253647e-02, 8.156152729e-02, 6.971390775e-02, 5.795592944e-02, 4.627333913e-02, 3.465149115e-02, 2.307544378e-02, 1.153004342e-02,
1.157463469e-02, 2.316299468e-02, 3.477870670e-02, 4.643519699e-02, 5.814558265e-02, 6.992255263e-02, 8.177823444e-02, 9.372404241e-02, 1.057705026e-01, 1.179270492e-01, 1.302017865e-01, 1.426012092e-01, 1.551298744e-01, 1.677900171e-01, 1.805810987e-01, 1.934992820e-01, 2.065368214e-01, 2.196813611e-01, 2.329151354e-01, 2.462140686e-01, 2.595467787e-01, 2.728735012e-01, 2.861449612e-01, 2.993012464e-01, 3.122707579e-01, 3.249693544e-01, 3.372998403e-01, 3.491519931e-01, 3.604033540e-01, 3.709210190e-01, 3.805646359e-01, 3.891907211e-01, 3.966582426e-01, 4.028351697e-01, 4.076054233e-01, 4.108754655e-01, 4.125797792e-01, 4.126847122e-01, 4.111904371e-01, 4.081309516e-01, 4.035721189e-01, 3.976078238e-01, 3.903544942e-01, 3.819445112e-01, 3.725192593e-01, 3.622225776e-01, 3.511951766e-01, 3.395703220e-01, 3.274708379e-01, 3.150073161e-01, 3.022773259e-01, 2.893653869e-01, 2.763434804e-01, 2.632719066e-01, 2.502003328e-01, 2.371689211e-01, 2.242094555e-01, 2.113464190e-01, 1.985979884e-01, 1.859769349e-01, 1.734914225e-01, 1.611457097e-01, 1.489407578e-01, 1.368747549e-01, 1.249435656e-01, 1.131411135e-01, 1.014597072e-01, 8.989031682e-02, 7.842280839e-02, 6.704614350e-02, 5.574854912e-02, 4.451766331e-02, 3.334066121e-02, 2.220436532e-02, 1.109534381e-02,
1.110010586e-02, 2.221219848e-02, 3.334815405e-02, 4.451962447e-02, 5.573791713e-02, 6.701386488e-02, 7.835768250e-02, 8.977880587e-02, 1.012857095e-01, 1.128856977e-01, 1.245846652e-01, 1.363868197e-01, 1.482943632e-01, 1.603071242e-01, 1.724221343e-01, 1.846331451e-01, 1.969300785e-01, 2.092984084e-01, 2.217184721e-01, 2.341647173e-01, 2.466048936e-01, 2.589992110e-01, 2.712994982e-01, 2.834484123e-01, 2.953787708e-01, 3.070131035e-01, 3.182635443e-01, 3.290322050e-01, 3.392121867e-01, 3.486893730e-01, 3.573451150e-01, 3.650598351e-01, 3.717174604e-01, 3.772104372e-01, 3.814449309e-01, 3.843457134e-01, 3.858602489e-01, 3.859616010e-01, 3.846499352e-01, 3.819525185e-01, 3.779222182e-01, 3.726345947e-01, 3.661838163e-01, 3.586777715e-01, 3.502328705e-01, 3.409690300e-01, 3.310052408e-01, 3.204559638e-01, 3.094284456e-01, 2.980209251e-01, 2.863216229e-01, 2.744083668e-01, 2.623487008e-01, 2.502003328e-01, 2.380118029e-01, 2.258232730e-01, 2.136673686e-01, 2.015700202e-01, 1.895512706e-01, 1.776260279e-01, 1.658047529e-01, 1.540940765e-01, 1.424973476e-01, 1.310151155e-01, 1.196455505e-01, 1.083848096e-01, 9.722735243e-02, 8.616621519e-02, 7.519324596e-02, 6.429930876e-02, 5.347446024e-02, 4.270810378e-02, 3.198912504e-02, 2.130601249e-02, 1.064696651e-02,
1.061359028e-02, 2.123753932e-02, 3.188208655e-02, 4.255722971e-02, 5.327259653e-02, 6.403730725e-02, 7.485982482e-02, 8.574778909e-02, 9.670783165e-02, 1.077453671e-01, 1.188643568e-01, 1.300670411e-01, 1.413536346e-01, 1.527219822e-01, 1.641671692e-01, 1.756810855e-01, 1.872519393e-01, 1.988637218e-01, 2.104956274e-01, 2.221214349e-01, 2.337088674e-01, 2.452189509e-01, 2.566054084e-01, 2.678141338e-01, 2.787828093e-01, 2.894407446e-01, 2.997090284e-01, 3.095010960e-01, 3.187238146e-01, 3.272791714e-01, 3.350666159e-01, 3.419860441e-01, 3.479413266e-01, 3.528441876e-01, 3.566181498e-01, 3.592022084e-01, 3.605539019e-01, 3.606515078e-01, 3.594951841e-01, 3.571069690e-01, 3.535296406e-01, 3.488245206e-01, 3.430684047e-01, 3.363498880e-01, 3.287654211e-01, 3.204154309e-01, 3.114007929e-01, 3.018198469e-01, 2.917660556e-01, 2.813263159e-01, 2.705798736e-01, 2.595977567e-01, 2.484426230e-01, 2.371689211e-01, 2.258232730e-01, 2.144449993e-01, 2.030667256e-01, 1.917150225e-01, 1.804110458e-01, 1.691711533e-01, 1.580074849e-01, 1.469284957e-01, 1.359394406e-01, 1.250428090e-01, 1.142387115e-01, 1.035252218e-01, 9.289867774e-02, 8.235394555e-02, 7.188465150e-02, 6.148338533e-02, 5.114187928e-02, 4.085116655e-02, 3.060172269e-02, 2.038359309e-02, 1.018650973e-02,
1.011671592e-02, 2.024228198e-02, 3.038542313e-02, 4.055461130e-02, 5.075793201e-02, 6.100294279e-02, 7.129652042e-02, 8.164469404e-02, 9.205246095e-02, 1.025235821e-01, 1.130603540e-01, 1.236633532e-01, 1.343311521e-01, 1.450600006e-01, 1.558434748e-01, 1.666720885e-01, 1.775328712e-01, 1.884089123e-01, 1.992788807e-01, 2.101165276e-01, 2.208901900e-01, 2.315623169e-01, 2.420890508e-01, 2.524199050e-01, 2.624975881e-01, 2.722580372e-01, 2.816307285e-01, 2.905393361e-01, 2.989028045e-01, 3.066368819e-01, 3.136561331e-01, 3.198763987e-01, 3.252176143e-01, 3.296068369e-01, 3.329812722e-01, 3.352910685e-01, 3.365016424e-01, 3.365953442e-01, 3.355723242e-01, 3.334505329e-01, 3.302648545e-01, 3.260654425e-01, 3.209153937e-01, 3.148879548e-01, 3.080634949e-01, 3.005264798e-01, 2.923626528e-01, 2.836565752e-01, 2.744896142e-01, 2.649384091e-01, 2.550737989e-01, 2.449601636e-01, 2.346551135e-01, 2.242094555e-01, 2.136673686e-01, 2.030667256e-01, 1.924395121e-01, 1.818122986e-01, 1.712067366e-01, 1.606400546e-01, 1.501255376e-01, 1.396729807e-01, 1.292891101e-01, 1.189779684e-01, 1.087412647e-01, 9.857868838e-02, 8.848819119e-02, 7.846623777e-02, 6.850802917e-02, 5.860770178e-02, 4.875850499e-02, 3.895296046e-02, 2.918300608e-02, 1.944012744e-02, 9.715479322e-03,
9.610991438e-03, 1.922944954e-02, 2.886271270e-02, 3.851786035e-02, 4.820157741e-02, 5.792001147e-02, 6.767862005e-02, 7.748200568e-02, 8.733373599e-02, 9.723614652e-02, 1.071901237e-01, 1.171948658e-01, 1.272476198e-01, 1.373433935e-01, 1.474746408e-01, 1.576309227e-01, 1.677985446e-01, 1.779601754e-01, 1.880944554e-01, 1.981756049e-01, 2.081730481e-01, 2.180510757e-01, 2.277685729e-01, 2.372788475e-01, 2.465296010e-01, 2.554630876e-01, 2.640165123e-01, 2.721227155e-01, 2.797111851e-01, 2.867094188e-01, 2.930446360e-01, 2.986458033e-01, 3.034458951e-01, 3.073842733e-01, 3.104090338e-01, 3.124791509e-01, 3.135662551e-01, 3.136559025e-01, 3.127482358e-01, 3.108579839e-01, 3.080138019e-01, 3.042570013e-01, 2.996397730e-01, 2.942230426e-01, 2.880741240e-01, 2.812643406e-01, 2.738667634e-01, 2.659541870e-01, 2.575974169e-01, 2.488639074e-01, 2.398167492e-01, 2.305139853e-01, 2.210082118e-01, 2.113464190e-01, 2.015700202e-01, 1.917150225e-01, 1.818122986e-01, 1.718879231e-01, 1.619635475e-01, 1.520567910e-01, 1.421816303e-01, 1.323487795e-01, 1.225660506e-01, 1.128386899e-01, 1.031696904e-01, 9.356007585e-02, 8.400916088e-02, 7.451478518e-02, 6.507352561e-02, 5.568088764e-02, 4.633147846e-02, 3.701916420e-02, 2.773721374e-02, 1.847843127e-02, 9.235280119e-03,
9.097800290e-03, 1.820181204e-02, 2.731811777e-02, 3.645253997e-02, 4.561050583e-02, 5.479690562e-02, 6.401594263e-02, 7.327097263e-02, 8.256433080e-02, 9.189714427e-02, 1.012691285e-01, 1.106783663e-01, 1.201210679e-01, 1.295913127e-01, 1.390807722e-01, 1.485784168e-01, 1.580702091e-01, 1.675387892e-01, 1.769631608e-01, 1.863183885e-01, 1.955753218e-01, 2.047003651e-01, 2.136553174e-01, 2.223973110e-01, 2.308788807e-01, 2.390481999e-01, 2.468495175e-01, 2.542238286e-01, 2.611098018e-01, 2.674449720e-01, 2.731671888e-01, 2.782162833e-01, 2.825358894e-01, 2.860753275e-01, 2.887914387e-01, 2.906502461e-01, 2.916283245e-01, 2.917137750e-01, 2.909067325e-01, 2.892193651e-01, 2.866753679e-01, 2.833089878e-01, 2.791636543e-01, 2.742903184e-01, 2.687456181e-01, 2.625899950e-01, 2.558858733e-01, 2.486959924e-01, 2.410819590e-01, 2.331030542e-01, 2.248153055e-01, 2.162708165e-01, 2.075173293e-01, 1.985979884e-01, 1.895512706e-01, 1.804110458e-01, 1.712067366e-01, 1.619635475e-01, 1.527027395e-01, 1.434419315e-01, 1.341954129e-01, 1.249744566e-01, 1.157876228e-01, 1.066410504e-01, 9.753873101e-02, 8.848276376e-02, 7.947359132e-02, 7.051021645e-02, 6.159040045e-02, 5.271084472e-02, 4.386735699e-02, 3.505500415e-02, 2.626825340e-02, 1.750110377e-02, 8.747209889e-03,
8.578397678e-03, 1.716188057e-02, 2.575540638e-02, 3.436367594e-02, 4.299100032e-02, 5.164116255e-02, 6.031727222e-02, 6.902161141e-02, 7.775547031e-02, 8.651897123e-02, 9.531087986e-02, 1.041284030e-01, 1.129669728e-01, 1.218200171e-01, 1.306787185e-01, 1.395317634e-01, 1.483650858e-01, 1.571616115e-01, 1.659010100e-01, 1.745594664e-01, 1.831094856e-01, 1.915197455e-01, 1.997550208e-01, 2.077761984e-01, 2.155404110e-01, 2.230013137e-01, 2.301095291e-01, 2.368132796e-01, 2.430592214e-01, 2.487934786e-01, 2.539628638e-01, 2.585162518e-01, 2.624060518e-01, 2.655897087e-01, 2.680311474e-01, 2.697020705e-01, 2.705830217e-01, 2.706641406e-01, 2.699455540e-01, 2.684373760e-01, 2.661593167e-01, 2.631399276e-01, 2.594155382e-01, 2.550289586e-01, 2.500280348e-01, 2.444641482e-01, 2.383907424e-01, 2.318619501e-01, 2.249313727e-01, 2.176510449e-01, 2.100706020e-01, 2.022366459e-01, 1.941923006e-01, 1.859769349e-01, 1.776260279e-01, 1.691711533e-01, 1.606400546e-01, 1.520567910e-01, 1.434419315e-01, 1.348127824e-01, 1.261836334e-01, 1.175660111e-01, 1.089689335e-01, 1.003991579e-01, 9.186141950e-02, 8.335865686e-02, 7.489222417e-02, 6.646208884e-02, 5.806701503e-02, 4.970473379e-02, 4.137210064e-02, 3.306524202e-02, 2.477969195e-02, 1.651052052e-02, 8.252455665e-03,
8.053909849e-03, 1.611190619e-02, 2.417795123e-02, 3.225575708e-02, 4.034865697e-02, 4.845947204e-02, 5.659037229e-02, 6.474273048e-02, 7.291696780e-02, 8.111239048e-02, 8.932701663e-02, 9.755739319e-02, 1.057984032e-01, 1.140430644e-01, 1.222823212e-01, 1.305048324e-01, 1.386967594e-01, 1.468415610e-01, 1.549198012e-01, 1.629089816e-01, 1.707834085e-01, 1.785141105e-01, 1.860688218e-01, 1.934120509e-01, 2.005052511e-01, 2.073071150e-01, 2.137740056e-01, 2.198605394e-01, 2.255203258e-01, 2.307068571e-01, 2.353745361e-01, 2.394798083e-01, 2.429823573e-01, 2.458463081e-01, 2.480413716e-01, 2.495438666e-01, 2.503375513e-01, 2.504142117e-01, 2.497739669e-01, 2.484252682e-01, 2.463845954e-01, 2.436758677e-01, 2.403296123e-01, 2.363819429e-01, 2.318734145e-01, 2.268478206e-01, 2.213509979e-01, 2.154296931e-01, 2.091305366e-01, 2.024991509e-01, 1.955794116e-01, 1.884128644e-01, 1.810382924e-01, 1.734914225e-01, 1.658047529e-01, 1.580074849e-01, 1.501255376e-01, 1.421816303e-01, 1.341954129e-01, 1.261836334e-01, 1.181603272e-01, 1.101370209e-01, 1.021229421e-01, 9.412522826e-02, 8.614913221e-02, 7.819822002e-02, 7.027455968e-02, 6.237889969e-02, 5.451083703e-02, 4.666897477e-02, 3.885106976e-02, 3.105417132e-02, 2.327475187e-02, 1.550883071e-02, 7.752092246e-03,
7.525335527e-03, 1.505388312e-02, 2.258873528e-02, 3.013274418e-02, 3.768839844e-02, 4.525769635e-02, 5.284201442e-02, 6.044197041e-02, 6.805727993e-02, 7.568660625e-02, 8.332740299e-02, 9.097574989e-02, 9.862618237e-02, 1.062715162e-01, 1.139026696e-01, 1.215084855e-01, 1.290755584e-01, 1.365880717e-01, 1.440276523e-01, 1.513732503e-01, 1.586010565e-01, 1.656844661e-01, 1.725941052e-01, 1.792979320e-01, 1.857614277e-01, 1.919478896e-01, 1.978188387e-01, 2.033345467e-01, 2.084546850e-01, 2.131390880e-01, 2.173486153e-01, 2.210460878e-01, 2.241972612e-01, 2.267717946e-01, 2.287441645e-01, 2.300944731e-01, 2.308091050e-01, 2.308811882e-01, 2.303108336e-01, 2.291051347e-01, 2.272779289e-01, 2.248493356e-01, 2.218451003e-01, 2.182957862e-01, 2.142358596e-01, 2.097027218e-01, 2.047357354e-01, 1.993752879e-01, 1.936619298e-01, 1.876356104e-01, 1.813350292e-01, 1.747971077e-01, 1.680565822e-01, 1.611457097e-01, 1.540940765e-01, 1.469284957e-01, 1.396729807e-01, 1.323487795e-01, 1.249744566e-01, 1.175660111e-01, 1.101370209e-01, 1.026988034e-01, 9.526058580e-02, 8.782968080e-02, 8.041166106e-02, 7.301053132e-02, 6.562889485e-02, 5.826811322e-02, 5.092845864e-02, 4.360925849e-02, 3.630903230e-02, 2.902562164e-02, 2.175631350e-02, 1.449795820e-02, 7.247082612e-03,
6.993549142e-03, 1.398955547e-02, 2.099036258e-02, 2.799808591e-02, 3.501449626e-02, 4.204090049e-02, 4.907801864e-02, 5.612585681e-02, 6.318357525e-02, 7.024935160e-02, 7.732023920e-02, 8.439202102e-02, 9.145906015e-02, 9.851414845e-02, 1.055483556e-01, 1.125508816e-01, 1.195089169e-01, 1.264075153e-01, 1.332294858e-01, 1.399553110e-01, 1.465631010e-01, 1.530285921e-01, 1.593252008e-01, 1.654241444e-01, 1.712946380e-01, 1.769041770e-01, 1.822189129e-01, 1.872041238e-01, 1.918247797e-01, 1.960461945e-01, 1.998347493e-01, 2.031586663e-01, 2.059888050e-01, 2.082994448e-01, 2.100690185e-01, 2.112807565e-01, 2.119232073e-01, 2.119906024e-01, 2.114830446e-01, 2.104065080e-01, 2.087726499e-01, 2.065984453e-01, 2.039056673e-01, 2.007202421e-01, 1.970715158e-01, 1.929914717e-01, 1.885139338e-01, 1.836737933e-01, 1.785062842e-01, 1.730463319e-01, 1.673279870e-01, 1.613839549e-01, 1.552452189e-01, 1.489407578e-01, 1.424973476e-01, 1.359394406e-01, 1.292891101e-01, 1.225660506e-01, 1.157876228e-01, 1.089689335e-01, 1.021229421e-01, 9.526058580e-02, 8.839091693e-02, 8.152124806e-02, 7.465729991e-02, 6.780334936e-02, 6.096237517e-02, 5.413619971e-02, 4.732562583e-02, 4.053056824e-02, 3.375017932e-02, 2.698296943e-02, 2.022692230e-02, 1.347960596e-02, 6.738280007e-03,
6.459305572e-03, 1.292042704e-02, 1.938507366e-02, 2.585474063e-02, 3.233060019e-02, 3.881339070e-02, 4.530330285e-02, 5.179986293e-02, 5.830181266e-02, 6.480698570e-02, 7.131218120e-02, 7.781303483e-02, 8.430388875e-02, 9.077766184e-02, 9.722572272e-02, 1.036377684e-01, 1.100017124e-01, 1.163035868e-01, 1.225274646e-01, 1.286554068e-01, 1.346674445e-01, 1.405416005e-01, 1.462539615e-01, 1.517788068e-01, 1.570888027e-01, 1.621552676e-01, 1.669485121e-01, 1.714382557e-01, 1.755941155e-01, 1.793861611e-01, 1.827855209e-01, 1.857650232e-01, 1.882998477e-01, 1.903681611e-01, 1.919517080e-01, 1.930363270e-01, 1.936123655e-01, 1.936749696e-01, 1.932242344e-01, 1.922652028e-01, 1.908077173e-01, 1.888661285e-01, 1.864588816e-01, 1.836079989e-01, 1.803384899e-01, 1.766777153e-01, 1.726547350e-01, 1.682996673e-01, 1.636430820e-01, 1.587154457e-01, 1.535466322e-01, 1.481655059e-01, 1.425995808e-01, 1.368747549e-01, 1.310151155e-01, 1.250428090e-01, 1.189779684e-01, 1.128386899e-01, 1.066410504e-01, 1.003991579e-01, 9.412522826e-02, 8.782968080e-02, 8.152124806e-02, 7.520709461e-02, 6.889294115e-02, 6.258319105e-02, 5.628105676e-02, 4.998868460e-02, 4.370727671e-02, 3.743720934e-02, 3.117814731e-02, 2.492915446e-02, 1.868880031e-02, 1.245526335e-02, 6.226431451e-03,
5.923246103e-03, 1.184777347e-02, 1.777476441e-02, 2.370520274e-02, 2.963977319e-02, 3.557875927e-02, 4.152193913e-02, 4.746847941e-02, 5.341682674e-02, 5.936459736e-02, 6.530846505e-02, 7.124404836e-02, 7.716579817e-02, 8.306688743e-02, 8.893910504e-02, 9.477275690e-02, 1.005565773e-01, 1.062776551e-01, 1.119213788e-01, 1.174714072e-01, 1.229096696e-01, 1.282164040e-01, 1.333702379e-01, 1.383483186e-01, 1.431264985e-01, 1.476795785e-01, 1.519816123e-01, 1.560062714e-01, 1.597272656e-01, 1.631188134e-01, 1.661561501e-01, 1.688160580e-01, 1.710774015e-01, 1.729216440e-01, 1.743333255e-01, 1.753004782e-01, 1.758149578e-01, 1.758726763e-01, 1.754737204e-01, 1.746223517e-01, 1.733268878e-01, 1.715994700e-01, 1.694557316e-01, 1.669143819e-01, 1.639967297e-01, 1.607261647e-01, 1.571276236e-01, 1.532270588e-01, 1.490509307e-01, 1.446257367e-01, 1.399775903e-01, 1.351318557e-01, 1.301128434e-01, 1.249435656e-01, 1.196455505e-01, 1.142387115e-01, 1.087412647e-01, 1.031696904e-01, 9.753873101e-02, 9.186141950e-02, 8.614913221e-02, 8.041166106e-02, 7.465729991e-02, 6.889294115e-02, 6.312417904e-02, 5.735541693e-02, 5.158997621e-02, 4.583020524e-02, 4.007758708e-02, 3.433284510e-02, 2.859604613e-02, 2.286670079e-02, 1.714386113e-02, 1.142621568e-02, 5.712182443e-03,
5.385905369e-03, 1.077265633e-02, 1.616100776e-02, 2.155153272e-02, 2.694453058e-02, 3.233993405e-02, 3.773721500e-02, 4.313528882e-02, 4.853241753e-02, 5.392611194e-02, 5.931303330e-02, 6.468889538e-02, 7.004836816e-02, 7.538498466e-02, 8.069105312e-02, 8.595757684e-02, 9.117418492e-02, 9.632907734e-02, 1.014089885e-01, 1.063991736e-01, 1.112834228e-01, 1.160441081e-01, 1.206622674e-01, 1.251177313e-01, 1.293892943e-01, 1.334549355e-01, 1.372920873e-01, 1.408779520e-01, 1.441898620e-01, 1.472056769e-01, 1.499042079e-01, 1.522656573e-01, 1.542720563e-01, 1.559076877e-01, 1.571594720e-01, 1.580173023e-01, 1.584743114e-01, 1.585270574e-01, 1.581756191e-01, 1.574235958e-01, 1.562780122e-01, 1.547491323e-01, 1.528501927e-01, 1.505970676e-01, 1.480078821e-01, 1.451025901e-01, 1.419025357e-01, 1.384300138e-01, 1.347078453e-01, 1.307589802e-01, 1.266061365e-01, 1.222714833e-01, 1.177763716e-01, 1.131411135e-01, 1.083848096e-01, 1.035252218e-01, 9.857868838e-02, 9.356007585e-02, 8.848276376e-02, 8.335865686e-02, 7.819822002e-02, 7.301053132e-02, 6.780334936e-02, 6.258319105e-02, 5.735541693e-02, 5.212432141e-02, 4.689322590e-02, 4.166457307e-02, 3.644002126e-02, 3.122053785e-02, 2.600649132e-02, 2.079774145e-02, 1.559372772e-02, 1.039355581e-02, 5.196082640e-03,
4.847719044e-03, 9.695938717e-03, 1.454507758e-02, 1.939538981e-02, 2.424688234e-02, 2.909923136e-02, 3.395169801e-02, 3.880304334e-02, 4.365144262e-02, 4.849439957e-02, 5.332866082e-02, 5.815013172e-02, 6.295379441e-02, 6.773362994e-02, 7.248254594e-02, 7.719231242e-02, 8.185350818e-02, 8.645548088e-02, 9.098632421e-02, 9.543287582e-02, 9.978073987e-02, 1.040143380e-01, 1.081169925e-01, 1.120710447e-01, 1.158580118e-01, 1.194587819e-01, 1.228538494e-01, 1.260235874e-01, 1.289485535e-01, 1.316098241e-01, 1.339893476e-01, 1.360703068e-01, 1.378374789e-01, 1.392775787e-01, 1.403795723e-01, 1.411349475e-01, 1.415379280e-01, 1.415856228e-01, 1.412781028e-01, 1.406184003e-01, 1.396124329e-01, 1.382688542e-01, 1.365988392e-01, 1.346158138e-01, 1.323351411e-01, 1.297737781e-01, 1.269499155e-01, 1.238826152e-01, 1.205914566e-01, 1.170962024e-01, 1.134164921e-01, 1.095715693e-01, 1.055800461e-01, 1.014597072e-01, 9.722735243e-02, 9.289867774e-02, 8.848819119e-02, 8.400916088e-02, 7.947359132e-02, 7.489222417e-02, 7.027455968e-02, 6.562889485e-02, 6.096237517e-02, 5.628105676e-02, 5.158997621e-02, 4.689322590e-02, 4.219403289e-02, 3.749483989e-02, 3.279738703e-02, 2.810279372e-02, 2.341163984e-02, 1.872404599e-02, 1.403975248e-02, 9.358197205e-03, 4.678592307e-03,
4.309032092e-03, 8.618301913e-03, 1.292797404e-02, 1.723806659e-02, 2.154837760e-02, 2.585841103e-02, 3.016730235e-02, 3.447374389e-02, 3.877591005e-02, 4.307138290e-02, 4.735707871e-02, 5.162917624e-02, 5.588304784e-02, 6.011319475e-02, 6.431318827e-02, 6.847561872e-02, 7.259205450e-02, 7.665301378e-02, 8.064795163e-02, 8.456526563e-02, 8.839232288e-02, 9.211551157e-02, 9.572031972e-02, 9.919144341e-02, 1.025129263e-01, 1.056683309e-01, 1.086409411e-01, 1.114139946e-01, 1.139709405e-01, 1.162957185e-01, 1.183730514e-01, 1.201887434e-01, 1.217299736e-01, 1.229855757e-01, 1.239462912e-01, 1.246049875e-01, 1.249568302e-01, 1.249994031e-01, 1.247327690e-01, 1.241594696e-01, 1.232844648e-01, 1.221150125e-01, 1.206604962e-01, 1.189322072e-01, 1.169430904e-01, 1.147074655e-01, 1.122407329e-01, 1.095590750e-01, 1.066791635e-01, 1.036178806e-01, 1.003920602e-01, 9.701825562e-02, 9.351253647e-02, 8.989031682e-02, 8.616621519e-02, 8.235394555e-02, 7.846623777e-02, 7.451478518e-02, 7.051021645e-02, 6.646208884e-02, 6.237889969e-02, 5.826811322e-02, 5.413619971e-02, 4.998868460e-02, 4.583020524e-02, 4.166457307e-02, 3.749483989e-02, 3.332336657e-02, 2.915189326e-02, 2.498161015e-02, 2.081322834e-02, 1.664705017e-02, 1.248303902e-02, 8.320888219e-03, 4.160089384e-03,
3.770107412e-03, 7.540262803e-03, 1.131045008e-02, 1.508052492e-02, 1.885015045e-02, 2.261873280e-02, 2.638535647e-02, 3.014871982e-02, 3.390707078e-02, 3.765814325e-02, 4.139909488e-02, 4.512644671e-02, 4.883602596e-02, 5.252291294e-02, 5.618139366e-02, 5.980491969e-02, 6.338607733e-02, 6.691656811e-02, 7.038720292e-02, 7.378791218e-02, 7.710777444e-02, 8.033506570e-02, 8.345733141e-02, 8.646148288e-02, 8.933391913e-02, 9.206067423e-02, 9.462758960e-02, 9.702050934e-02, 9.922549533e-02, 1.012290579e-01, 1.030183963e-01, 1.045816418e-01, 1.059080966e-01, 1.069884594e-01, 1.078150293e-01, 1.083818810e-01, 1.086850024e-01, 1.087223905e-01, 1.084941003e-01, 1.080022443e-01, 1.072509442e-01, 1.062462348e-01, 1.049959261e-01, 1.035094283e-01, 1.017975477e-01, 9.987226078e-02, 9.774647564e-02, 9.543378821e-02, 9.294824185e-02, 9.030409635e-02, 8.751561252e-02, 8.459685655e-02, 8.156152729e-02, 7.842280839e-02, 7.519324596e-02, 7.188465150e-02, 6.850802917e-02, 6.507352561e-02, 6.159040045e-02, 5.806701503e-02, 5.451083703e-02, 5.092845864e-02, 4.732562583e-02, 4.370727671e-02, 4.007758708e-02, 3.644002126e-02, 3.279738703e-02, 2.915189326e-02, 2.550520927e-02, 2.185852528e-02, 1.821261319e-02, 1.456788736e-02, 1.092446520e-02, 7.282227270e-03, 3.640877009e-03,
3.231134752e-03, 6.462191807e-03, 9.693038560e-03, 1.292343255e-02, 1.615296649e-02, 1.938101324e-02, 2.260667091e-02, 2.582870816e-02, 2.904550999e-02, 3.225502447e-02, 3.545471085e-02, 3.864148975e-02, 4.181169633e-02, 4.496103740e-02, 4.808455374e-02, 5.117658904e-02, 5.423076702e-02, 5.723997841e-02, 6.019637974e-02, 6.309140572e-02, 6.591579702e-02, 6.865964539e-02, 7.131245732e-02, 7.386323758e-02, 7.630059311e-02, 7.861285728e-02, 8.078823371e-02, 8.281495784e-02, 8.468147360e-02, 8.637662158e-02, 8.788983395e-02, 8.921133077e-02, 9.033231158e-02, 9.124513584e-02, 9.194348565e-02, 9.242250469e-02, 9.267890773e-02, 9.271105631e-02, 9.251899737e-02, 9.210446325e-02, 9.147083295e-02, 9.062305642e-02, 8.956754494e-02, 8.831203218e-02, 8.686541126e-02, 8.523755431e-02, 8.343912065e-02, 8.148136042e-02, 7.937591933e-02, 7.713465041e-02, 7.476943697e-02, 7.229203075e-02, 6.971390775e-02, 6.704614350e-02, 6.429930876e-02, 6.148338533e-02, 5.860770178e-02, 5.568088764e-02, 5.271084472e-02, 4.970473379e-02, 4.666897477e-02, 4.360925849e-02, 4.053056824e-02, 3.743720934e-02, 3.433284510e-02, 3.122053785e-02, 2.810279372e-02, 2.498161015e-02, 2.185852528e-02, 1.873466852e-02, 1.561081177e-02, 1.248742087e-02, 9.364707138e-03, 6.242678658e-03, 3.121191382e-03,
2.692239788e-03, 5.384331115e-03, 8.076079800e-03, 1.076720024e-02, 1.345726971e-02, 1.614568276e-02, 1.883160578e-02, 2.151393191e-02, 2.419123654e-02, 2.686173378e-02, 2.952323429e-02, 3.217310512e-02, 3.480823223e-02, 3.742498659e-02, 4.001919486e-02, 4.258611573e-02, 4.512042330e-02, 4.761619877e-02, 5.006693194e-02, 5.246553392e-02, 5.480436252e-02, 5.707526151e-02, 5.926961492e-02, 6.137841702e-02, 6.339235843e-02, 6.530192807e-02, 6.709753013e-02, 6.876961471e-02, 7.030881965e-02, 7.170612086e-02, 7.295298719e-02, 7.404153579e-02, 7.496468314e-02, 7.571628677e-02, 7.629127278e-02, 7.668574442e-02, 7.689706756e-02, 7.692392961e-02, 7.676636963e-02, 7.642577834e-02, 7.590486790e-02, 7.520761297e-02, 7.433916512e-02, 7.330574424e-02, 7.211451090e-02, 7.077342452e-02, 6.929109226e-02, 6.767661347e-02, 6.593942464e-02, 6.408914898e-02, 6.213545420e-02, 6.008792175e-02, 5.795592944e-02, 5.574854912e-02, 5.347446024e-02, 5.114187928e-02, 4.875850499e-02, 4.633147846e-02, 4.386735699e-02, 4.137210064e-02, 3.885106976e-02, 3.630903230e-02, 3.375017932e-02, 3.117814731e-02, 2.859604613e-02, 2.600649132e-02, 2.341163984e-02, 2.081322834e-02, 1.821261319e-02, 1.561081177e-02, 1.300854449e-02, 1.040627722e-02, 7.804263830e-03, 5.202588840e-03, 2.601209862e-03,
2.153493287e-03, 4.306813063e-03, 6.459749288e-03, 8.612018898e-03, 1.076322935e-02, 1.291284232e-02, 1.506013754e-02, 1.720417715e-02, 1.934377048e-02, 2.147743982e-02, 2.360338742e-02, 2.571946420e-02, 2.782314086e-02, 2.991148187e-02, 3.198112337e-02, 3.402825571e-02, 3.604861167e-02, 3.803746143e-02, 3.998961532e-02, 4.189943552e-02, 4.376085764e-02, 4.556742322e-02, 4.731232381e-02, 4.898845714e-02, 5.058849554e-02, 5.210496644e-02, 5.353034405e-02, 5.485715120e-02, 5.607806943e-02, 5.718605501e-02, 5.817445815e-02, 5.903714208e-02, 5.976859842e-02, 6.036405531e-02, 6.081957426e-02, 6.113213267e-02, 6.129968848e-02, 6.132122492e-02, 6.119677322e-02, 6.092741256e-02, 6.051524735e-02, 5.996336243e-02, 5.927575833e-02, 5.845726875e-02, 5.751346356e-02, 5.645054064e-02, 5.527521039e-02, 5.399457654e-02, 5.261601680e-02, 5.114706666e-02, 4.959530911e-02, 4.796827262e-02, 4.627333913e-02, 4.451766331e-02, 4.270810378e-02, 4.085116655e-02, 3.895296046e-02, 3.701916420e-02, 3.505500415e-02, 3.306524202e-02, 3.105417132e-02, 2.902562164e-02, 2.698296943e-02, 2.492915446e-02, 2.286670079e-02, 2.079774145e-02, 1.872404599e-02, 1.664705017e-02, 1.456788736e-02, 1.248742087e-02, 1.040627722e-02, 8.324879671e-03, 6.243482127e-03, 4.162203013e-03, 2.081059223e-03,
1.614920298e-03, 3.229678560e-03, 4.844085391e-03, 6.457896711e-03, 8.070786491e-03, 9.682319608e-03, 1.129192492e-02, 1.289886868e-02, 1.450222841e-02, 1.610086761e-02, 1.769341135e-02, 1.927822342e-02, 2.085338515e-02, 2.241667667e-02, 2.396556105e-02, 2.549717207e-02, 2.700830624e-02, 2.849541995e-02, 2.995463240e-02, 3.138173519e-02, 3.277220930e-02, 3.412124993e-02, 3.542379998e-02, 3.667459217e-02, 3.786820015e-02, 3.899909809e-02, 4.006172841e-02, 4.105057662e-02, 4.196025187e-02, 4.278557161e-02, 4.352164834e-02, 4.416397593e-02, 4.470851316e-02, 4.515176177e-02, 4.549083631e-02, 4.572352349e-02, 4.584832877e-02, 4.586450839e-02, 4.577208574e-02, 4.557185136e-02, 4.526534650e-02, 4.485483108e-02, 4.434323702e-02, 4.373410889e-02, 4.303153395e-02, 4.224006407e-02, 4.136463213e-02, 4.041046551e-02, 3.938299936e-02, 3.828779175e-02, 3.713044296e-02, 3.591652049e-02, 3.465149115e-02, 3.334066121e-02, 3.198912504e-02, 3.060172269e-02, 2.918300608e-02, 2.773721374e-02, 2.626825340e-02, 2.477969195e-02, 2.327475187e-02, 2.175631350e-02, 2.022692230e-02, 1.868880031e-02, 1.714386113e-02, 1.559372772e-02, 1.403975248e-02, 1.248303902e-02, 1.092446520e-02, 9.364707138e-03, 7.804263830e-03, 6.243482127e-03, 4.682581994e-03, 3.121681861e-03, 1.560824016e-03,
1.076509345e-03, 2.152895487e-03, 3.229017005e-03, 4.304696067e-03, 5.379700290e-03, 6.453724702e-03, 7.526373861e-03, 8.597144223e-03, 9.665406884e-03, 1.073039084e-02, 1.179116696e-02, 1.284663298e-02, 1.389549965e-02, 1.493627859e-02, 1.596727208e-02, 1.698656527e-02, 1.799202129e-02, 1.898127974e-02, 1.995175913e-02, 2.090066356e-02, 2.182499442e-02, 2.272156722e-02, 2.358703399e-02, 2.441791143e-02, 2.521061481e-02, 2.596149735e-02, 2.666689490e-02, 2.732317501e-02, 2.792678980e-02, 2.847433122e-02, 2.896258767e-02, 2.938860014e-02, 2.974971654e-02, 3.004364230e-02, 3.026848570e-02, 3.042279623e-02, 3.050559472e-02, 3.051639412e-02, 3.045521001e-02, 3.032256062e-02, 3.011945622e-02, 2.984737837e-02, 2.950824978e-02, 2.910439583e-02, 2.863849928e-02, 2.811354958e-02, 2.753278853e-02, 2.689965402e-02, 2.621772338e-02, 2.549065803e-02, 2.472215049e-02, 2.391587521e-02, 2.307544378e-02, 2.220436532e-02, 2.130601249e-02, 2.038359309e-02, 1.944012744e-02, 1.847843127e-02, 1.750110377e-02, 1.651052052e-02, 1.550883071e-02, 1.449795820e-02, 1.347960596e-02, 1.245526335e-02, 1.142621568e-02, 1.039355581e-02, 9.358197205e-03, 8.320888219e-03, 7.282227270e-03, 6.242678658e-03, 5.202588840e-03, 4.162203013e-03, 3.121681861e-03, 2.081118421e-03, 1.040554982e-03,
5.382215964e-04, 1.076377040e-03, 1.614391077e-03, 2.152170261e-03, 2.689593900e-03, 3.226505050e-03, 3.762701596e-03, 4.297927470e-03, 4.831864063e-03, 5.364121897e-03, 5.894232687e-03, 6.421641887e-03, 6.945701877e-03, 7.465665974e-03, 7.980683426e-03, 8.489795646e-03, 8.991933885e-03, 9.485918609e-03, 9.970460807e-03, 1.044416550e-02, 1.090553761e-02, 1.135299054e-02, 1.178485732e-02, 1.219940476e-02, 1.259485030e-02, 1.296938161e-02, 1.332117881e-02, 1.364843873e-02, 1.394940109e-02, 1.422237582e-02, 1.446577098e-02, 1.467812041e-02, 1.485811054e-02, 1.500460520e-02, 1.511666798e-02, 1.519358099e-02, 1.523485977e-02, 1.524026337e-02, 1.520979957e-02, 1.514372489e-02, 1.504253938e-02, 1.490697641e-02, 1.473798789e-02, 1.453672537e-02, 1.430451777e-02, 1.404284644e-02, 1.375331840e-02, 1.343763864e-02, 1.309758212e-02, 1.273496648e-02, 1.235162577e-02, 1.194938610e-02, 1.153004342e-02, 1.109534381e-02, 1.064696651e-02, 1.018650973e-02, 9.715479322e-03, 9.235280119e-03, 8.747209889e-03, 8.252455665e-03, 7.752092246e-03, 7.247082612e-03, 6.738280007e-03, 6.226431451e-03, 5.712182443e-03, 5.196082640e-03, 4.678592307e-03, 4.160089384e-03, 3.640877009e-03, 3.121191382e-03, 2.601209862e-03, 2.081059223e-03, 1.560824016e-03, 1.040554982e-03, 5.202774912e-04,